date,bdi,bdi_1m_change,bdi_3m_avg,bdi_6m_avg,bdi_12m_avg,bdi_12m_volatility,coal_price,coal_1m_change,coal_3m_avg,coal_6m_avg,coal_12m_avg,coal_12m_volatility,month,month_sin,month_cos,target_date,target_bdi
2011-01,1107,-666.00,1659.67,2136.00,2529.75,736.89,132.5,14.20,119.33,106.70,101.94,11.61,1,0.5000,0.8660,2011-02,1251
2011-02,1251,144.00,1377.00,1892.33,2405.83,812.59,128.4,-4.10,126.40,113.13,104.79,13.42,2,0.8660,0.5000,2011-03,1530
2011-03,1530,279.00,1296.00,1739.67,2283.50,824.65,126.1,-2.30,129.00,118.33,107.43,14.21,3,1.0000,0.0000,2011-04,1269
2011-04,1269,-261.00,1350.00,1504.83,2109.75,800.08,122.5,-3.60,125.67,122.50,109.29,14.60,4,0.8660,-0.5000,2011-05,1480
2011-05,1480,211.00,1426.33,1401.67,1893.25,550.88,119.1,-3.40,122.57,124.48,110.87,14.54,5,0.5000,-0.8660,2011-06,1413
2011-06,1413,-67.00,1387.33,1341.67,1810.50,542.15,120.1,1.00,120.57,124.78,112.70,14.21,6,0.0000,-1.0000,2011-07,1264
2011-07,1264,-149.00,1385.67,1367.83,1751.92,559.77,120.8,0.70,120.00,122.83,114.77,13.41,7,-0.5000,-0.8660,2011-08,1619
2011-08,1619,355.00,1432.00,1429.17,1660.75,479.09,120.1,-0.70,120.33,121.45,117.29,11.13,8,-0.8660,-0.5000,2011-09,1899
2011-09,1899,280.00,1594.00,1490.67,1615.17,425.21,123.1,3.00,121.33,120.95,119.64,8.91,9,-1.0000,-0.0000,2011-10,1965
2011-10,1965,66.00,1827.67,1606.67,1555.75,305.50,119.4,-3.70,120.87,120.43,121.47,5.93,10,-0.8660,0.5000,2011-11,1846
2011-11,1846,-119.00,1903.33,1667.67,1534.67,274.44,113.8,-5.60,118.77,119.55,122.02,4.78,11,-0.5000,0.8660,2011-12,1738
2011-12,1738,-108.00,1849.67,1721.83,1531.75,272.06,111.6,-2.20,114.93,118.13,121.46,5.52,12,-0.0000,1.0000,2012-01,680
2012-01,680,-1058.00,1421.33,1624.50,1496.17,343.77,116.5,4.90,113.97,117.42,120.13,4.53,1,0.5000,0.8660,2012-02,750
2012-02,750,70.00,1056.00,1479.67,1454.42,397.27,117,0.50,115.03,116.90,119.17,3.84,2,0.8660,0.5000,2012-03,934
2012-03,934,184.00,788.00,1318.83,1404.75,421.24,107.5,-9.50,113.67,114.30,117.63,4.44,3,1.0000,0.0000,2012-04,1155
2012-04,1155,221.00,946.33,1183.83,1395.25,425.46,103.6,-3.90,109.37,111.67,116.05,5.62,4,0.8660,-0.5000,2012-05,923
2012-05,923,-232.00,1004.00,1030.00,1348.83,443.68,95.8,-7.80,102.30,108.67,114.11,7.83,5,0.5000,-0.8660,2012-06,1004
2012-06,1004,81.00,1027.33,907.67,1314.75,453.05,87.2,-8.60,95.53,104.60,111.37,10.54,6,0.0000,-1.0000,2012-07,897
2012-07,897,-107.00,941.33,943.83,1284.17,467.60,88.2,1.00,90.40,99.88,108.65,11.88,7,-0.5000,-0.8660,2012-08,703
2012-08,703,-194.00,868.00,936.00,1207.83,481.27,91,2.80,88.80,95.55,106.23,12.25,8,-0.8660,-0.5000,2012-09,766
2012-09,766,63.00,788.67,908.00,1113.42,446.28,89,-2.00,89.40,92.47,103.38,11.96,9,-1.0000,-0.0000,2012-10,1026
2012-10,1026,260.00,831.67,886.50,1035.17,365.03,81.9,-7.10,87.30,88.85,100.26,12.26,10,-0.8660,0.5000,2012-11,1086
2012-11,1086,60.00,959.33,913.67,971.83,273.25,85.9,4.00,85.60,87.20,97.93,12.12,11,-0.5000,0.8660,2012-12,699
2012-12,699,-387.00,937.00,862.83,885.25,156.38,92.9,7.00,86.90,88.15,96.38,11.45,12,-0.0000,1.0000,2013-01,760
2013-01,760,61.00,848.33,840.00,891.92,149.02,92.8,-0.10,90.53,88.92,94.40,9.72,1,0.5000,0.8660,2013-02,757
2013-02,757,-3.00,738.67,849.00,892.50,148.48,94.9,2.10,93.53,89.57,92.56,6.96,2,0.8660,0.5000,2013-03,910
2013-03,910,153.00,809.00,873.00,890.50,148.07,91,-3.90,92.90,89.90,91.18,5.31,3,1.0000,0.0000,2013-04,863
2013-04,863,-47.00,843.33,845.83,866.17,124.76,87.8,-3.20,91.23,90.88,89.87,3.82,4,0.8660,-0.5000,2013-05,809
2013-05,809,-54.00,860.67,799.67,856.67,124.41,87.7,-0.10,88.83,91.18,89.19,3.40,5,0.5000,-0.8660,2013-06,1171
2013-06,1171,362.00,947.67,878.33,870.58,147.34,82.8,-4.90,86.10,89.50,88.82,3.81,6,0.0000,-1.0000,2013-07,1062
2013-07,1062,-109.00,1014.00,928.67,884.33,156.57,77.3,-5.50,82.60,86.92,87.92,4.97,7,-0.5000,-0.8660,2013-08,1132
2013-08,1132,70.00,1121.67,991.17,920.08,160.03,77,-0.30,79.03,83.93,86.75,5.70,8,-0.8660,-0.5000,2013-09,2003
2013-09,2003,871.00,1399.00,1173.33,1023.17,332.76,77.6,0.60,77.30,81.70,85.80,6.18,9,-1.0000,-0.0000,2013-10,1504
2013-10,1504,-499.00,1546.33,1280.17,1063.00,358.34,79.4,1.80,78.00,80.30,85.59,6.35,10,-0.8660,0.5000,2013-11,1821
2013-11,1821,317.00,1776.00,1448.83,1124.25,415.32,82.3,2.90,79.77,79.40,85.29,6.41,11,-0.5000,0.8660,2013-12,2277
2013-12,2277,456.00,1867.33,1633.17,1255.75,500.87,84.3,2.00,82.00,79.65,84.57,5.98,12,-0.0000,1.0000,2014-01,1110
2014-01,1110,-1167.00,1736.00,1641.17,1284.92,480.94,81.6,-2.70,82.73,80.37,83.64,5.48,1,0.5000,0.8660,2014-02,1258
2014-02,1258,148.00,1548.33,1662.17,1326.67,454.31,76.3,-5.30,80.73,80.25,82.09,4.64,2,0.8660,0.5000,2014-03,1362
2014-03,1362,104.00,1243.33,1555.33,1364.33,436.60,73.3,-3.00,77.07,79.53,80.62,4.38,3,1.0000,0.0000,2014-04,943
2014-04,943,-419.00,1187.67,1461.83,1371.00,429.44,72.8,-0.50,74.13,78.43,79.37,4.30,4,0.8660,-0.5000,2014-05,934
2014-05,934,-9.00,1079.67,1314.00,1381.42,417.02,73.7,0.90,73.27,77.00,78.20,3.74,5,0.5000,-0.8660,2014-06,850
2014-06,850,-84.00,909.00,1076.17,1354.67,439.36,71.5,-2.20,72.67,74.87,77.26,3.88,6,0.0000,-1.0000,2014-07,755
2014-07,755,-95.00,846.33,1017.00,1329.08,463.91,68.8,-2.70,71.33,72.73,76.55,4.53,7,-0.5000,-0.8660,2014-08,1147
2014-08,1147,392.00,917.33,998.50,1330.33,463.39,68.9,0.10,69.73,71.50,75.88,4.99,8,-0.8660,-0.5000,2014-09,1063
2014-09,1063,-84.00,988.33,948.67,1252.00,420.53,65.9,-3.00,67.87,70.27,74.90,5.66,9,-1.0000,-0.0000,2014-10,1428
2014-10,1428,365.00,1212.67,1029.50,1245.67,417.25,63.7,-2.20,66.17,68.75,73.59,6.25,10,-0.8660,0.5000,2014-11,1153
2014-11,1153,-275.00,1214.67,1066.00,1190.00,379.64,62.6,-1.10,64.07,66.90,71.95,6.34,11,-0.5000,0.8660,2014-12,782
2014-12,782,-371.00,1121.00,1054.67,1065.42,209.80,62.4,-0.20,62.90,65.38,70.13,5.63,12,-0.0000,1.0000,2015-01,608
2015-01,608,-174.00,847.67,1030.17,1023.58,244.00,61.4,-1.00,62.13,64.15,68.44,4.92,1,0.5000,0.8660,2015-02,540
2015-02,540,-68.00,643.33,929.00,963.75,266.20,69.1,7.70,64.30,64.18,67.84,4.33,2,0.8660,0.5000,2015-03,602
2015-03,602,62.00,583.33,852.17,900.42,254.05,64.8,-4.30,65.10,64.00,67.13,4.07,3,1.0000,0.0000,2015-04,591
2015-04,591,-11.00,577.67,712.67,871.08,267.41,56.2,-8.60,63.37,62.75,65.75,4.68,4,0.8660,-0.5000,2015-05,589
2015-05,589,-2.00,594.00,618.67,842.33,277.46,61.2,5.00,60.73,62.52,64.71,4.16,5,0.5000,-0.8660,2015-06,800
2015-06,800,211.00,660.00,621.67,838.17,277.69,59,-2.20,58.80,61.95,63.67,3.88,6,0.0000,-1.0000,2015-07,1131
2015-07,1131,331.00,840.00,708.83,869.50,287.57,59.9,0.90,60.03,61.70,62.93,3.68,7,-0.5000,-0.8660,2015-08,903
2015-08,903,-228.00,944.67,769.33,849.17,275.61,59.1,-0.80,59.33,60.03,62.11,3.33,8,-0.8660,-0.5000,2015-09,900
2015-09,900,-3.00,978.00,819.00,835.58,268.66,57.7,-1.40,58.90,58.85,61.43,3.32,9,-1.0000,-0.0000,2015-10,721
2015-10,721,-179.00,841.33,840.67,776.67,201.39,54.3,-3.40,57.03,58.53,60.64,3.77,10,-0.8660,0.5000,2015-11,584
2015-11,584,-137.00,735.00,839.83,729.25,172.05,52.5,-1.80,54.83,57.08,59.80,4.33,11,-0.5000,0.8660,2015-12,478
2015-12,478,-106.00,594.33,786.17,703.92,184.35,52.2,-0.30,53.00,55.95,58.95,4.72,12,-0.0000,1.0000,2016-01,317
2016-01,317,-161.00,459.67,650.50,679.67,212.38,49,-3.20,51.23,54.13,57.92,5.38,1,0.5000,0.8660,2016-02,329
2016-02,329,12.00,374.67,554.83,662.08,231.13,50.3,1.30,50.50,52.67,56.35,4.57,2,0.8660,0.5000,2016-03,429
2016-03,429,100.00,358.33,476.33,647.67,239.66,52.2,1.90,50.50,51.75,55.30,3.91,3,1.0000,0.0000,2016-04,703
2016-04,703,274.00,487.00,473.33,657.00,239.45,50.7,-1.50,51.07,51.15,54.84,4.10,4,0.8660,-0.5000,2016-05,612
2016-05,612,-91.00,581.33,478.00,658.92,238.99,51.3,0.60,51.40,50.95,54.02,3.71,5,0.5000,-0.8660,2016-06,660
2016-06,660,48.00,658.33,508.33,647.25,235.21,52.9,1.60,51.63,51.07,53.51,3.40,6,0.0000,-1.0000,2016-07,656
2016-07,656,-4.00,642.67,564.83,607.67,185.10,61.2,8.30,55.13,53.10,53.62,3.61,7,-0.5000,-0.8660,2016-08,711
2016-08,711,55.00,675.67,628.50,591.67,166.21,67.4,6.20,60.50,55.95,54.31,5.09,8,-0.8660,-0.5000,2016-09,875
2016-09,875,164.00,747.33,702.83,589.58,162.45,72.7,5.30,67.10,59.37,55.56,7.18,9,-1.0000,-0.0000,2016-10,857
2016-10,857,-18.00,814.33,728.50,600.92,175.45,94.2,21.50,78.10,66.62,58.88,12.84,10,-0.8660,0.5000,2016-11,1204
2016-11,1204,347.00,978.67,827.17,652.58,241.66,103.4,9.20,90.10,75.30,63.13,17.57,11,-0.5000,0.8660,2016-12,961
2016-12,961,-243.00,1007.33,877.33,692.83,249.33,88.2,-15.20,95.27,81.18,66.13,18.49,12,-0.0000,1.0000,2017-01,800
2017-01,800,-161.00,988.33,901.33,733.08,223.00,83.7,-4.50,91.77,84.93,69.02,18.30,1,0.5000,0.8660,2017-02,859
2017-02,859,59.00,873.33,926.00,777.25,188.40,80,-3.70,83.97,87.03,71.49,17.60,2,0.8660,0.5000,2017-03,1297
2017-03,1297,438.00,985.33,996.33,849.58,206.56,80.9,0.90,81.53,88.40,73.88,16.74,3,1.0000,0.0000,2017-04,1109
2017-04,1109,-188.00,1088.33,1038.33,883.42,212.93,83.7,2.80,81.53,86.65,76.63,15.36,4,0.8660,-0.5000,2017-05,878
2017-05,878,-231.00,1094.67,984.00,905.58,196.75,74.4,-9.30,79.67,81.82,78.56,13.39,5,0.5000,-0.8660,2017-06,901
2017-06,901,23.00,962.67,974.00,925.67,182.44,81.1,6.70,79.73,80.63,80.91,10.93,6,0.0000,-1.0000,2017-07,946
2017-07,946,45.00,908.33,998.33,949.83,163.33,87.5,6.40,81.00,81.27,83.10,9.27,7,-0.5000,-0.8660,2017-08,1184
2017-08,1184,238.00,1010.33,1052.50,989.25,157.92,98.6,11.10,89.07,84.37,85.70,8.86,8,-0.8660,-0.5000,2017-09,1356
2017-09,1356,172.00,1162.00,1062.33,1029.33,182.90,97.8,-0.80,94.63,87.18,87.79,8.50,9,-1.0000,-0.0000,2017-10,1522
2017-10,1522,166.00,1354.00,1131.17,1084.75,219.39,97.1,-0.70,97.83,89.42,88.03,8.72,10,-0.8660,0.5000,2017-11,1578
2017-11,1578,56.00,1485.33,1247.83,1115.92,257.39,96.6,-0.50,97.17,93.12,87.47,7.88,11,-0.5000,0.8660,2017-12,1366
2017-12,1366,-212.00,1488.67,1325.33,1149.67,261.39,100.8,4.20,98.17,96.40,88.52,8.71,12,-0.0000,1.0000,2018-01,1152
2018-01,1152,-214.00,1365.33,1359.67,1179.00,239.32,106.5,5.70,101.30,99.57,90.42,9.86,1,0.5000,0.8660,2018-02,1192
2018-02,1192,40.00,1236.67,1361.00,1206.75,219.06,106,-0.50,104.43,100.80,92.58,10.19,2,0.8660,0.5000,2018-03,1055
2018-03,1055,-137.00,1133.00,1310.83,1186.58,220.95,96.7,-9.30,103.07,100.62,93.90,9.59,3,1.0000,0.0000,2018-04,1341
2018-04,1341,286.00,1196.00,1280.67,1205.92,223.45,93.7,-3.00,98.80,100.05,94.73,9.09,4,0.8660,-0.5000,2018-05,1090
2018-05,1090,-251.00,1162.00,1199.33,1223.58,204.40,105.3,11.60,98.57,101.50,97.31,7.13,5,0.5000,-0.8660,2018-06,1385
2018-06,1385,295.00,1272.00,1202.50,1263.92,183.44,114.3,9.00,104.43,103.75,100.08,6.74,6,0.0000,-1.0000,2018-07,1747
2018-07,1747,362.00,1407.33,1301.67,1330.67,200.55,119.6,5.30,113.07,105.93,102.75,7.54,7,-0.5000,-0.8660,2018-08,1579
2018-08,1579,-168.00,1570.33,1366.17,1363.58,206.11,117.3,-2.30,117.07,107.82,104.31,8.40,8,-0.8660,-0.5000,2018-09,1540
2018-09,1540,-39.00,1622.00,1447.00,1378.92,211.75,114.2,-3.10,117.03,110.73,105.67,8.57,9,-1.0000,-0.0000,2018-10,1490
2018-10,1490,-50.00,1536.33,1471.83,1376.25,210.12,108.7,-5.50,113.40,113.23,106.64,8.19,10,-0.8660,0.5000,2018-11,1231
2018-11,1231,-259.00,1420.33,1495.33,1347.33,204.16,100.7,-8.00,107.87,112.47,106.98,7.84,11,-0.5000,0.8660,2018-12,1271
2018-12,1271,40.00,1330.67,1476.33,1339.42,205.12,101.4,0.70,103.60,110.32,107.03,7.81,12,-0.0000,1.0000,2019-01,668
2019-01,668,-603.00,1056.67,1296.50,1299.08,274.02,98.6,-2.80,100.23,106.82,106.38,8.15,1,0.5000,0.8660,2019-02,658
2019-02,658,-10.00,865.67,1143.00,1254.58,326.19,95.4,-3.20,98.47,103.17,105.49,8.70,2,0.8660,0.5000,2019-03,689
2019-03,689,31.00,671.67,1001.17,1224.08,358.90,93.1,-2.30,95.70,99.65,105.19,9.05,3,1.0000,0.0000,2019-04,1011
2019-04,1011,322.00,786.00,921.33,1196.58,361.52,86.8,-6.30,91.77,96.00,104.62,9.94,4,0.8660,-0.5000,2019-05,1096
2019-05,1096,85.00,932.00,898.83,1197.08,361.38,82.3,-4.50,87.40,92.93,102.70,11.69,5,0.5000,-0.8660,2019-06,1354
2019-06,1354,258.00,1153.67,912.67,1194.50,360.13,72.5,-9.80,80.53,88.12,99.22,13.75,6,0.0000,-1.0000,2019-07,1868
2019-07,1868,514.00,1439.33,1112.67,1204.58,376.77,72.1,-0.40,75.63,83.70,95.26,14.15,7,-0.5000,-0.8660,2019-08,2378
2019-08,2378,510.00,1866.67,1399.33,1271.17,490.49,65.6,-6.50,70.07,78.73,90.95,14.64,8,-0.8660,-0.5000,2019-09,1823
2019-09,1823,-555.00,2023.00,1588.33,1294.75,509.29,66,0.40,67.90,74.22,86.93,14.32,9,-1.0000,-0.0000,2019-10,1731
2019-10,1731,-92.00,1977.33,1708.33,1314.83,521.21,69.2,3.20,66.93,71.28,83.64,13.45,10,-0.8660,0.5000,2019-11,1528
2019-11,1528,-203.00,1694.00,1780.33,1339.58,523.69,67,-2.20,67.40,68.73,80.83,13.11,11,-0.5000,0.8660,2019-12,1090
2019-12,1090,-438.00,1449.67,1736.33,1324.50,528.03,66.2,-0.80,67.47,67.68,77.90,12.08,12,-0.0000,1.0000,2020-01,487
2020-01,487,-603.00,1035.00,1506.17,1309.42,548.75,69.7,3.50,67.63,67.28,75.49,10.49,1,0.5000,0.8660,2020-02,535
2020-02,535,48.00,704.00,1199.00,1299.17,561.82,67.6,-2.10,67.83,67.62,73.18,8.77,2,0.8660,0.5000,2020-03,626
2020-03,626,91.00,549.33,999.50,1293.92,567.76,66.7,-0.90,68.00,67.73,70.98,6.51,3,1.0000,0.0000,2020-04,635
2020-04,635,9.00,598.67,816.83,1262.58,592.35,58.6,-8.10,64.30,65.97,68.63,5.37,4,0.8660,-0.5000,2020-05,504
2020-05,504,-131.00,588.33,646.17,1213.25,627.76,52.5,-6.10,59.27,63.55,66.14,5.36,5,0.5000,-0.8660,2020-06,1799
2020-06,1799,1295.00,979.33,764.33,1250.33,647.80,52.2,-0.30,54.43,61.22,64.45,6.22,6,0.0000,-1.0000,2020-07,1350
2020-07,1350,-449.00,1217.67,908.17,1207.17,621.95,51.6,-0.60,52.10,58.20,62.74,6.68,7,-0.5000,-0.8660,2020-08,1488
2020-08,1488,138.00,1545.67,1067.00,1133.00,523.12,50.1,-1.50,51.30,55.28,61.45,7.46,8,-0.8660,-0.5000,2020-09,1725
2020-09,1725,237.00,1521.00,1250.17,1124.83,512.95,54.6,4.50,52.10,53.27,60.50,7.54,9,-1.0000,-0.0000,2020-10,1283
2020-10,1283,-442.00,1498.67,1358.17,1087.50,482.90,58.4,3.80,54.37,53.23,59.60,7.08,10,-0.8660,0.5000,2020-11,1227
2020-11,1227,-56.00,1411.67,1478.67,1062.42,466.92,64.4,6.00,59.13,55.22,59.38,6.89,11,-0.5000,0.8660,2020-12,1366
2020-12,1366,139.00,1292.00,1406.50,1085.42,474.45,83,18.60,68.60,60.35,60.78,9.39,12,-0.0000,1.0000,2021-01,1452
2021-01,1452,86.00,1348.33,1423.50,1165.83,447.20,86.8,3.80,78.07,66.22,62.21,11.66,1,0.5000,0.8660,2021-02,1675
2021-02,1675,223.00,1497.67,1454.67,1260.83,423.56,86.7,-0.10,85.50,72.32,63.80,13.45,2,0.8660,0.5000,2021-03,2046
2021-03,2046,371.00,1724.33,1508.17,1379.17,428.01,94.9,8.20,89.47,79.03,66.15,15.98,3,1.0000,0.0000,2021-04,3053
2021-04,3053,1007.00,2258.00,1803.17,1580.67,574.39,92.2,-2.70,91.27,84.67,68.95,17.30,4,0.8660,-0.5000,2021-05,2596
2021-05,2596,-457.00,2565.00,2031.33,1755.00,537.43,107,14.80,98.03,91.77,73.49,19.41,5,0.5000,-0.8660,2021-06,3383
2021-06,3383,787.00,3010.67,2367.50,1887.00,701.51,130,23.00,109.73,99.60,79.98,23.73,6,0.0000,-1.0000,2021-07,3292
2021-07,3292,-91.00,3090.33,2674.17,2048.83,778.71,152,22.00,129.67,110.47,88.34,29.29,7,-0.5000,-0.8660,2021-08,4132
2021-08,4132,840.00,3602.33,3083.67,2269.17,945.13,169.6,17.60,150.53,124.28,98.30,34.46,8,-0.8660,-0.5000,2021-09,5167
2021-09,5167,1035.00,4197.00,3603.83,2556.00,1219.06,185.7,16.10,169.10,139.42,109.23,39.31,9,-1.0000,-0.0000,2021-10,3519
2021-10,3519,-1648.00,4272.67,3681.50,2742.33,1180.52,224.5,38.80,193.27,161.47,123.07,47.39,10,-0.8660,0.5000,2021-11,3018
2021-11,3018,-501.00,3901.33,3751.83,2891.58,1089.19,157.5,-67.00,189.23,169.88,130.82,44.70,11,-0.5000,0.8660,2021-12,2217
2021-12,2217,-801.00,2918.00,3557.50,2962.50,1012.56,169.7,12.20,183.90,176.50,138.05,43.37,12,-0.0000,1.0000,2022-01,1418
2022-01,1418,-799.00,2217.67,3245.17,2959.67,1016.82,197,27.30,174.73,184.00,147.23,43.21,1,0.5000,0.8660,2022-02,2040
2022-02,2040,622.00,1891.67,2896.50,2990.08,982.82,219.8,22.80,195.50,192.37,158.33,43.33,2,0.8660,0.5000,2022-03,2358
2022-03,2358,318.00,1938.67,2428.33,3016.08,961.40,314,94.20,243.60,213.75,176.58,56.82,3,1.0000,0.0000,2022-04,2404
2022-04,2404,46.00,2267.33,2242.50,2962.00,975.95,310.9,-3.10,281.57,228.15,194.81,61.70,4,0.8660,-0.5000,2022-05,2566
2022-05,2566,162.00,2442.67,2167.17,2959.50,976.92,371.9,61.00,332.27,263.88,216.88,72.73,5,0.5000,-0.8660,2022-06,2240
2022-06,2240,-326.00,2403.33,2171.00,2864.25,986.66,374.1,2.20,352.30,297.95,237.22,79.42,6,0.0000,-1.0000,2022-07,1895
2022-07,1895,-345.00,2233.67,2250.50,2747.83,1011.42,402.2,28.10,382.73,332.15,258.07,86.81,7,-0.5000,-0.8660,2022-08,965
2022-08,965,-930.00,1700.00,2071.33,2483.92,1028.85,407,4.80,394.43,363.35,277.86,91.32,8,-0.8660,-0.5000,2022-09,1760
2022-09,1760,795.00,1540.00,1971.67,2200.00,649.38,430.8,23.80,413.33,382.82,298.28,95.73,9,-1.0000,-0.0000,2022-10,1463
2022-10,1463,-297.00,1396.00,1814.83,2028.67,540.94,389.8,-41.00,409.20,395.97,312.06,96.01,10,-0.8660,0.5000,2022-11,1355
2022-11,1355,-108.00,1526.00,1613.00,1890.08,479.24,342.2,-47.60,387.60,391.02,327.45,84.06,11,-0.5000,0.8660,2022-12,1515
2022-12,1515,160.00,1444.33,1492.17,1831.58,478.61,379.2,37.00,370.40,391.87,344.91,70.08,12,-0.0000,1.0000,2023-01,681
2023-01,681,-834.00,1183.67,1289.83,1770.17,566.88,318,-61.20,346.47,377.83,354.99,55.20,1,0.5000,0.8660,2023-02,990
2023-02,990,309.00,1062.00,1294.00,1682.67,598.63,207.5,-110.50,301.57,344.58,353.97,57.75,2,0.8660,0.5000,2023-03,1389
2023-03,1389,399.00,1020.00,1232.17,1601.92,566.58,187.2,-20.30,237.57,303.98,343.40,73.54,3,1.0000,0.0000,2023-04,1576
2023-04,1576,187.00,1318.33,1251.00,1532.92,512.54,194.3,7.10,196.33,271.40,333.68,84.13,4,0.8660,-0.5000,2023-05,977
2023-05,977,-599.00,1314.00,1188.00,1400.50,426.59,160.5,-33.80,180.67,241.12,316.07,95.63,5,0.5000,-0.8660,2023-06,1091
2023-06,1091,114.00,1214.67,1117.33,1304.75,349.38,139.4,-21.10,164.73,201.15,296.51,105.28,6,0.0000,-1.0000,2023-07,1127
2023-07,1127,36.00,1065.00,1191.67,1240.75,302.60,140.6,1.20,146.83,171.58,274.71,108.18,7,-0.5000,-0.8660,2023-08,1086
2023-08,1086,-41.00,1101.33,1207.67,1250.83,295.17,152.6,12.00,144.20,162.43,253.51,105.06,8,-0.8660,-0.5000,2023-09,1701
2023-09,1701,615.00,1304.67,1259.67,1245.92,287.03,162.5,9.90,151.90,158.32,231.15,92.78,9,-1.0000,-0.0000,2023-10,1459
2023-10,1459,-242.00,1415.33,1240.17,1245.58,286.78,142.1,-20.40,152.40,149.62,210.51,82.13,10,-0.8660,0.5000,2023-11,2937
2023-11,2937,1478.00,2032.33,1566.83,1377.42,549.79,126.8,-15.30,143.80,144.00,192.56,74.58,11,-0.5000,0.8660,2023-12,2094
2023-12,2094,-843.00,2163.33,1734.00,1425.67,584.09,141.8,15.00,136.90,144.40,172.77,49.83,12,-0.0000,1.0000,2024-01,1398
2024-01,1398,-696.00,2143.00,1779.17,1485.42,539.85,124.9,-16.90,131.17,141.78,156.68,25.64,1,0.5000,0.8660,2024-02,2111
2024-02,2111,713.00,1867.67,1950.00,1578.83,543.02,124.2,-0.70,130.30,137.05,149.74,21.95,2,0.8660,0.5000,2024-03,1821
2024-03,1821,-290.00,1776.67,1970.00,1614.83,543.56,131.5,7.30,126.87,131.88,145.10,19.27,3,1.0000,0.0000,2024-04,1685
2024-04,1685,-136.00,1872.33,2007.67,1623.92,543.75,135,3.50,130.23,130.70,140.16,12.39,4,0.8660,-0.5000,2024-05,1815
2024-05,1815,130.00,1773.67,1820.67,1693.75,508.87,142,7.00,136.17,133.23,138.62,10.81,5,0.5000,-0.8660,2024-06,2050
2024-06,2050,235.00,1850.00,1813.33,1773.67,482.56,135.1,-6.90,137.37,132.12,138.26,10.85,6,0.0000,-1.0000,2024-07,1708
2024-07,1708,-342.00,1857.67,1865.00,1822.08,442.76,137.6,2.50,138.23,134.23,138.01,10.83,7,-0.5000,-0.8660,2024-08,1814
2024-08,1814,106.00,1857.33,1815.50,1882.75,383.68,145.8,8.20,139.50,137.83,137.44,10.21,8,-0.8660,-0.5000,2024-09,2084
2024-09,2084,270.00,1868.67,1859.33,1914.67,383.16,139.2,-6.60,140.87,139.12,135.50,6.96,9,-1.0000,-0.0000,2024-10,1388
2024-10,1388,-696.00,1762.00,1809.83,1908.75,390.63,146.6,7.40,143.87,141.05,135.87,7.42,10,-0.8660,0.5000,2024-11,1354
2024-11,1354,-34.00,1608.67,1733.00,1776.83,269.67,142.1,-4.50,142.63,141.07,137.15,7.05,11,-0.5000,0.8660,2024-12,997
2024-12,997,-357.00,1246.33,1557.50,1685.42,326.59,129.8,-12.30,139.50,140.18,136.15,7.17,12,-0.0000,1.0000,2025-01,735
2025-01,735,-262.00,1028.67,1395.33,1630.17,414.73,118.6,-11.20,130.17,137.02,135.62,8.14,1,0.5000,0.8660,2025-02,1229
2025-02,1229,494.00,987.00,1297.83,1556.67,400.93,106.9,-11.70,118.43,130.53,134.18,11.05,2,0.8660,0.5000,2025-03,1598
2025-03,1598,369.00,1187.33,1216.83,1538.08,393.34,104,-2.90,109.83,124.67,131.89,13.86,3,1.0000,0.0000,2025-04,1386
2025-04,1386,-212.00,1404.33,1216.50,1513.17,392.71,98.6,-5.40,103.17,116.67,128.86,16.57,4,0.8660,-0.5000,2025-05,1418
2025-05,1418,32.00,1467.33,1227.17,1480.08,382.48,104.4,5.80,102.33,110.38,125.73,17.32,5,0.5000,-0.8660,2025-06,1489
2025-06,1489,71.00,1431.00,1309.17,1433.33,342.12,109,4.60,104.00,106.92,123.55,17.65,6,0.0000,-1.0000,2025-07,2003
2025-07,2003,514.00,1636.67,1520.50,1457.92,370.40,112.9,3.90,108.77,105.97,121.49,17.33,7,-0.5000,-0.8660,2025-08,2025
2025-08,2025,22.00,1839.00,1653.17,1475.50,391.31,112.2,-0.70,111.37,106.85,118.69,15.82,8,-0.8660,-0.5000,2025-09,2134
2025-09,2134,109.00,2054.00,1742.50,1479.67,397.97,106.3,-5.90,110.47,107.23,115.95,14.85,9,-1.0000,-0.0000,2025-10,1966
2025-10,1966,-168.00,2041.67,1839.17,1527.83,418.42,107.5,1.20,108.67,108.72,112.69,11.73,10,-0.8660,0.5000,2025-11,2560
2025-11,2560,594.00,2220.00,2029.50,1628.33,501.23,112.6,5.10,108.80,110.08,110.23,7.71,11,-0.5000,0.8660,2025-12,1877
2025-12,1877,-683.00,2134.33,2094.17,1701.67,466.69,107.7,-4.90,109.27,109.87,108.39,4.97,12,-0.0000,1.0000,2026-01,2148
2026-01,2148,271.00,2195.00,2118.33,1819.42,377.71,109.8,2.10,110.03,109.35,107.66,3.95,1,0.5000,0.8660,2026-02,2140
2026-02,2140,-8.00,2055.00,2137.50,1895.33,341.19,118.4,8.60,111.97,110.38,108.62,4.93,2,0.8660,0.5000,2026-03,1995
2026-03,1995,-145.00,2094.33,2114.33,1928.42,329.82,138.6,20.20,122.27,115.77,111.50,9.44,3,1.0000,0.0000,2026-04,2686
2026-04,2686,691.00,2273.67,2234.33,2036.75,346.92,130.9,-7.70,129.30,119.67,114.19,9.97,4,0.8660,-0.5000,2026-05,3224
2026-05,3224,538.00,2635.00,2345.00,2187.25,428.09,136.9,6.00,135.47,123.72,116.90,11.27,5,0.5000,-0.8660,2026-06,2501
2026-06,2501,-723.00,2803.67,2449.00,2271.58,379.11,138.5,1.60,135.43,128.85,119.36,12.43,6,0.0000,-1.0000,2026-07,2732
2026-07,2732,231.00,2819.00,2546.33,2332.33,389.47,131.9,-6.60,135.77,132.53,120.94,12.72,7,-0.5000,-0.8660,2026-08,3186