date,bdi,year,month,bdi_1m_change,bdi_3m_avg,bdi_6m_avg,bdi_12m_avg,bdi_12m_volatility,month_sin,month_cos,bdi_lag_1,bdi_lag_2,bdi_lag_3,bdi_lag_6,bdi_lag_12,bdi_2m_change,bdi_3m_change,bdi_6m_change,bdi_12m_change,bdi_momentum_3m,bdi_momentum_6m,bdi_momentum_12m,bdi_3m_min,bdi_3m_max,bdi_6m_min,bdi_6m_max,bdi_12m_min,bdi_12m_max,bdi_3m_volatility,bdi_6m_volatility,target_date,target_bdi
2011-01,1107.0,2011,1,-666.0,1659.6666666666667,2136.0,2529.75,769.6575537211336,0.49999999999999994,0.8660254037844387,1773.0,2099.0,2678.0,1967.0,2848.0,-0.47260600285850407,-0.5866318147871545,-0.4372140315200813,-0.6113061797752809,-1571.0,-860.0,-1741.0,1107.0,2099.0,1107.0,2713.0,1107.0,4078.0,505.6177739491893,618.8330954304229,2011-02,1251.0
2011-02,1251.0,2011,2,144.0,1377.0,1892.3333333333333,2405.8333333333335,848.7246939147026,0.8660254037844386,0.5000000000000001,1107.0,1773.0,2099.0,2713.0,2738.0,-0.29441624365482233,-0.40400190566936633,-0.5388868411352746,-0.5430971512052594,-848.0,-1462.0,-1487.0,1107.0,1773.0,1107.0,2678.0,1107.0,4078.0,350.4226020107724,633.8497193078697,2011-03,1530.0
2011-03,1530.0,2011,3,279.0,1296.0,1739.6666666666667,2283.5,861.3154316086948,1.0,6.123233995736766e-17,1251.0,1107.0,1773.0,2446.0,2998.0,0.38211382113821135,-0.13705583756345174,-0.3744889615699101,-0.4896597731821214,-243.0,-916.0,-1468.0,1107.0,1530.0,1107.0,2678.0,1107.0,4078.0,215.06045661627377,582.0177545974564,2011-04,1269.0
2011-04,1269.0,2011,4,-261.0,1350.0,1504.8333333333333,2109.75,835.6531604352691,0.8660254037844387,-0.49999999999999983,1530.0,1251.0,1107.0,2678.0,3354.0,0.014388489208633004,0.14634146341463405,-0.5261389096340552,-0.6216457960644007,162.0,-1409.0,-2085.0,1251.0,1530.0,1107.0,2099.0,1107.0,4078.0,156.1441641560778,375.2068318496677,2011-05,1480.0
2011-05,1480.0,2011,5,211.0,1426.3333333333333,1401.6666666666667,1893.25,575.3724682957346,0.49999999999999994,-0.8660254037844387,1269.0,1530.0,1251.0,2099.0,4078.0,-0.0326797385620915,0.18305355715427662,-0.2949023344449738,-0.6370769985286906,229.0,-619.0,-2598.0,1269.0,1530.0,1107.0,1773.0,1107.0,2713.0,138.5291786351652,239.84300420621972,2011-06,1413.0
2011-06,1413.0,2011,6,-67.0,1387.3333333333333,1341.6666666666667,1810.5,566.2592563963474,1.2246467991473532e-16,-1.0,1480.0,1269.0,1530.0,1773.0,2406.0,0.11347517730496448,-0.07647058823529407,-0.20304568527918787,-0.41271820448877805,-117.0,-360.0,-993.0,1269.0,1480.0,1107.0,1530.0,1107.0,2713.0,107.81620162727634,160.16449877130913,2011-07,1264.0
2011-07,1264.0,2011,7,-149.0,1385.6666666666667,1367.8333333333333,1751.9166666666667,584.6623669549222,-0.4999999999999998,-0.8660254037844388,1413.0,1480.0,1269.0,1107.0,1967.0,-0.1459459459459459,-0.003940110323089052,0.14182475158084906,-0.3573970513472293,-5.0,157.0,-703.0,1264.0,1480.0,1251.0,1530.0,1107.0,2713.0,110.56370712550081,122.57147574645866,2011-08,1619.0
2011-08,1619.0,2011,8,355.0,1432.0,1429.1666666666667,1660.75,500.3980461047517,-0.8660254037844384,-0.5000000000000004,1264.0,1413.0,1480.0,1251.0,2713.0,0.14578910120311384,0.0939189189189189,0.2941646682653878,-0.4032436417250277,139.0,368.0,-1094.0,1264.0,1619.0,1264.0,1619.0,1107.0,2678.0,178.26104453862092,142.81654899438226,2011-09,1899.0
2011-09,1899.0,2011,9,280.0,1594.0,1490.6666666666667,1615.1666666666667,444.1121548219601,-1.0,-1.8369701987210297e-16,1619.0,1264.0,1413.0,1530.0,2446.0,0.5023734177215189,0.3439490445859872,0.24117647058823533,-0.22363041700735897,486.0,369.0,-547.0,1264.0,1899.0,1264.0,1899.0,1107.0,2678.0,318.23733281939155,240.77596779301888,2011-10,1965.0
2011-10,1965.0,2011,10,66.0,1827.6666666666667,1606.6666666666667,1555.75,319.0890798963346,-0.8660254037844386,0.5000000000000001,1899.0,1619.0,1264.0,1269.0,2678.0,0.21371216800494142,0.5545886075949367,0.5484633569739952,-0.26624346527259146,701.0,696.0,-713.0,1619.0,1965.0,1264.0,1965.0,1107.0,2099.0,183.69902921173406,277.48345296010905,2011-11,1846.0
2011-11,1846.0,2011,11,-119.0,1903.3333333333333,1667.6666666666667,1534.6666666666667,286.6398859935978,-0.5000000000000004,0.8660254037844384,1965.0,1899.0,1619.0,1480.0,2099.0,-0.027909426013691396,0.14021000617665225,0.24729729729729732,-0.12053358742258213,227.0,366.0,-253.0,1846.0,1965.0,1264.0,1965.0,1107.0,1965.0,59.6182298742046,284.2165840809877,2011-12,1738.0
2011-12,1738.0,2011,12,-108.0,1849.6666666666667,1721.8333333333333,1531.75,284.16164573898675,-2.4492935982947064e-16,1.0,1846.0,1965.0,1899.0,1413.0,1773.0,-0.11552162849872771,-0.08478146392838337,0.23000707714083513,-0.01974055273547659,-161.0,325.0,-35.0,1738.0,1965.0,1264.0,1965.0,1107.0,1965.0,113.54441128181303,255.49279180960315,2012-01,680.0
2012-01,680.0,2012,1,-1058.0,1421.3333333333333,1624.5,1496.1666666666667,359.0514861366934,0.49999999999999994,0.8660254037844387,1738.0,1846.0,1965.0,1264.0,1107.0,-0.6316359696641387,-0.6539440203562341,-0.4620253164556962,-0.3857271906052394,-1285.0,-584.0,-427.0,680.0,1846.0,680.0,1965.0,680.0,1965.0,644.2804772250464,478.61163796965735,2012-02,750.0
2012-02,750.0,2012,2,70.0,1056.0,1479.6666666666667,1454.4166666666667,414.9303245635617,0.8660254037844386,0.5000000000000001,680.0,1738.0,1846.0,1619.0,1251.0,-0.5684695051783659,-0.5937161430119177,-0.5367510809141445,-0.4004796163069544,-1096.0,-869.0,-501.0,680.0,1738.0,680.0,1965.0,680.0,1965.0,591.6654460081306,597.3617552762017,2012-03,934.0
2012-03,934.0,2012,3,184.0,788.0,1318.8333333333333,1404.75,439.97502511764355,1.0,6.123233995736766e-17,750.0,680.0,1738.0,1899.0,1530.0,0.3735294117647059,-0.4626006904487917,-0.5081621906266456,-0.38954248366013067,-804.0,-965.0,-596.0,680.0,934.0,680.0,1965.0,680.0,1965.0,131.19451208034624,591.7622551892479,2012-04,1155.0
2012-04,1155.0,2012,4,221.0,946.3333333333334,1183.8333333333333,1395.25,444.3813114882289,0.8660254037844387,-0.49999999999999983,934.0,750.0,680.0,1965.0,1269.0,0.54,0.6985294117647058,-0.4122137404580153,-0.08983451536643028,475.0,-810.0,-114.0,750.0,1155.0,680.0,1846.0,680.0,1965.0,202.78149159460645,500.17453620377796,2012-05,923.0
2012-05,923.0,2012,5,-232.0,1004.0,1030.0,1348.8333333333333,463.4069158924669,0.49999999999999994,-0.8660254037844387,1155.0,934.0,750.0,1846.0,1480.0,-0.011777301927194839,0.23066666666666658,-0.5,-0.37635135135135134,173.0,-923.0,-557.0,923.0,1155.0,680.0,1738.0,680.0,1965.0,130.88544609695956,384.30560755731574,2012-06,1004.0
2012-06,1004.0,2012,6,81.0,1027.3333333333333,907.6666666666666,1314.75,473.1959280928297,1.2246467991473532e-16,-1.0,923.0,1155.0,934.0,1738.0,1413.0,-0.1307359307359307,0.07494646680942174,-0.4223245109321059,-0.2894550601556971,70.0,-734.0,-409.0,923.0,1155.0,680.0,1155.0,680.0,1965.0,117.74690371017591,172.08912419634225,2012-07,897.0
2012-07,897.0,2012,7,-107.0,941.3333333333334,943.8333333333334,1284.1666666666667,488.39008874861173,-0.4999999999999998,-0.8660254037844388,1004.0,923.0,1155.0,680.0,1264.0,-0.028169014084507005,-0.22337662337662334,0.3191176470588235,-0.2903481012658228,-258.0,217.0,-367.0,897.0,1004.0,750.0,1155.0,680.0,1965.0,55.806212318463416,133.04648310520707,2012-08,703.0
2012-08,703.0,2012,8,-194.0,868.0,936.0,1207.8333333333333,502.67409165804474,-0.8660254037844384,-0.5000000000000004,897.0,1004.0,923.0,750.0,1619.0,-0.29980079681274896,-0.23835319609967498,-0.06266666666666665,-0.5657813465101915,-220.0,-47.0,-916.0,703.0,1004.0,703.0,1155.0,680.0,1965.0,152.58112596255168,147.3553528040209,2012-09,766.0
2012-09,766.0,2012,9,63.0,788.6666666666666,908.0,1113.4166666666667,466.1276567896827,-1.0,-1.8369701987210297e-16,703.0,897.0,1004.0,934.0,1899.0,-0.14604236343366783,-0.23705179282868527,-0.17987152034261245,-0.5966298051606109,-238.0,-168.0,-1133.0,703.0,897.0,703.0,1155.0,680.0,1965.0,98.96632423877004,162.94784441654156,2012-10,1026.0
2012-10,1026.0,2012,10,260.0,831.6666666666666,886.5,1035.1666666666667,381.2653176257186,-0.8660254037844386,0.5000000000000001,766.0,703.0,897.0,1155.0,1965.0,0.45945945945945943,0.14381270903010024,-0.11168831168831173,-0.4778625954198473,129.0,-129.0,-939.0,703.0,1026.0,703.0,1026.0,680.0,1846.0,171.2201312151506,128.76451374504316,2012-11,1086.0
2012-11,1086.0,2012,11,60.0,959.3333333333334,913.6666666666666,971.8333333333334,285.40173705699317,-0.5000000000000004,0.8660254037844384,1026.0,766.0,703.0,923.0,1846.0,0.4177545691906006,0.5448079658605975,0.1765980498374864,-0.4117009750812568,383.0,163.0,-760.0,766.0,1086.0,703.0,1086.0,680.0,1738.0,170.09801096230797,152.93222899920116,2012-12,699.0
2012-12,699.0,2012,12,-387.0,937.0,862.8333333333334,885.25,163.33519634063492,-2.4492935982947064e-16,1.0,1086.0,1026.0,766.0,1004.0,1738.0,-0.3187134502923976,-0.08746736292428203,-0.3037848605577689,-0.5978135788262371,-67.0,-305.0,-1039.0,699.0,1086.0,699.0,1086.0,680.0,1155.0,208.2858612580319,166.94839522039155,2013-01,760.0
2013-01,760.0,2013,1,61.0,848.3333333333334,840.0,891.9166666666666,155.64788836188097,0.49999999999999994,0.8660254037844387,699.0,1086.0,1026.0,897.0,680.0,-0.3001841620626151,-0.2592592592592593,-0.15273132664437017,0.11764705882352944,-266.0,-137.0,80.0,699.0,1086.0,699.0,1086.0,699.0,1155.0,208.07290389027932,170.66809895231552,2013-02,757.0
2013-02,757.0,2013,2,-3.0,738.6666666666666,849.0,892.5,155.07974488218852,0.8660254037844386,0.5000000000000001,760.0,699.0,1086.0,703.0,750.0,0.0829756795422032,-0.30294659300184157,0.07681365576102417,0.009333333333333416,-329.0,54.0,7.0,699.0,760.0,699.0,1086.0,699.0,1155.0,34.3850742813413,163.26175302255385,2013-03,910.0
2013-03,910.0,2013,3,153.0,809.0,873.0,890.5,154.6500448226051,1.0,6.123233995736766e-17,757.0,760.0,699.0,766.0,934.0,0.19736842105263164,0.301859799713877,0.18798955613577029,-0.025695931477516032,211.0,144.0,-24.0,757.0,910.0,699.0,1086.0,699.0,1155.0,87.481426600165,159.15275680929122,2013-04,863.0
2013-04,863.0,2013,4,-47.0,843.3333333333334,845.8333333333334,866.1666666666666,130.30511978591483,0.8660254037844387,-0.49999999999999983,910.0,757.0,760.0,1026.0,1155.0,0.14002642007926025,0.13552631578947372,-0.15886939571150094,-0.2528138528138528,103.0,-163.0,-292.0,757.0,910.0,699.0,1086.0,699.0,1086.0,78.37303958207441,140.6490905291038,2013-05,809.0
2013-05,809.0,2013,5,-54.0,860.6666666666666,799.6666666666666,856.6666666666666,129.94007943056525,0.49999999999999994,-0.8660254037844387,863.0,910.0,757.0,1086.0,923.0,-0.11098901098901104,0.06869220607661819,-0.25506445672191524,-0.12351029252437706,52.0,-277.0,-114.0,809.0,910.0,699.0,910.0,699.0,1086.0,50.54041287260536,77.2001727113612,2013-06,1171.0
2013-06,1171.0,2013,6,362.0,947.6666666666666,878.3333333333334,870.5833333333334,153.88984155340052,1.2246467991473532e-16,-1.0,809.0,863.0,910.0,699.0,1004.0,0.3568945538818076,0.2868131868131869,0.6752503576537912,0.16633466135458175,261.0,472.0,167.0,809.0,1171.0,757.0,1171.0,699.0,1171.0,195.2878217742557,155.1923537635282,2013-07,1062.0
2013-07,1062.0,2013,7,-109.0,1014.0,928.6666666666666,884.3333333333334,163.53389047329222,-0.4999999999999998,-0.8660254037844388,1171.0,809.0,863.0,760.0,897.0,0.31273176761433863,0.23059096176129779,0.3973684210526316,0.18394648829431448,199.0,302.0,165.0,809.0,1171.0,757.0,1171.0,699.0,1171.0,185.71214284478046,158.0843656617065,2013-08,1132.0
2013-08,1132.0,2013,8,70.0,1121.6666666666667,991.1666666666666,920.0833333333334,167.14090861704324,-0.8660254037844384,-0.5000000000000004,1062.0,1171.0,809.0,757.0,703.0,-0.03330486763450047,0.39925834363411616,0.4953764861294583,0.6102418207681366,323.0,375.0,429.0,1062.0,1171.0,809.0,1171.0,699.0,1171.0,55.229822861688795,150.59271784075145,2013-09,2003.0
2013-09,2003.0,2013,9,871.0,1399.0,1173.3333333333333,1023.1666666666666,347.55636124580127,-1.0,-1.8369701987210297e-16,1132.0,1062.0,1171.0,910.0,766.0,0.8860640301318268,0.7105038428693424,1.2010989010989013,1.6148825065274153,832.0,1093.0,1237.0,1062.0,2003.0,809.0,2003.0,699.0,2003.0,524.2489866466127,431.62514600827456,2013-10,1504.0
2013-10,1504.0,2013,10,-499.0,1546.3333333333333,1280.1666666666667,1063.0,374.2752997460529,-0.8660254037844386,0.5000000000000001,2003.0,1132.0,1062.0,863.0,1026.0,0.3286219081272084,0.4161958568738229,0.7427578215527231,0.46588693957115,442.0,641.0,478.0,1132.0,2003.0,809.0,2003.0,699.0,2003.0,437.0404252850459,418.5820907141924,2013-11,1821.0
2013-11,1821.0,2013,11,317.0,1776.0,1448.8333333333333,1124.25,433.7907172400468,-0.5000000000000004,0.8660254037844384,1504.0,2003.0,1132.0,809.0,1086.0,-0.09086370444333502,0.6086572438162545,1.250927070457355,0.6767955801104972,689.0,1012.0,735.0,1504.0,2003.0,1062.0,2003.0,699.0,2003.0,252.52524626262752,393.9205080554509,2013-12,2277.0
2013-12,2277.0,2013,12,456.0,1867.3333333333333,1633.1666666666667,1255.75,523.1379315768869,-2.4492935982947064e-16,1.0,1821.0,1504.0,2003.0,1171.0,699.0,0.5139627659574468,0.13679480778831743,0.9444918872758326,2.257510729613734,274.0,1106.0,1578.0,1504.0,2277.0,1062.0,2277.0,757.0,2277.0,388.5773196332155,485.93473498677236,2014-01,1110.0
2014-01,1110.0,2014,1,-1167.0,1736.0,1641.1666666666667,1284.9166666666667,502.3284796974482,0.49999999999999994,0.8660254037844387,2277.0,1821.0,1504.0,1062.0,760.0,-0.3904448105436573,-0.26196808510638303,0.04519774011299438,0.4605263157894737,-394.0,48.0,350.0,1110.0,2277.0,1110.0,2277.0,757.0,2277.0,588.1249867162597,474.92122153749324,2014-02,1258.0
2014-02,1258.0,2014,2,148.0,1548.3333333333333,1662.1666666666667,1326.6666666666667,474.5126367382017,0.8660254037844386,0.5000000000000001,1110.0,2277.0,1821.0,1132.0,757.0,-0.4475186649099693,-0.3091707852828116,0.11130742049469955,0.6618229854689563,-563.0,126.0,501.0,1110.0,2277.0,1110.0,2277.0,809.0,2277.0,635.367872443464,450.0379613617775,2014-03,1362.0
2014-03,1362.0,2014,3,104.0,1243.3333333333333,1555.3333333333333,1364.3333333333333,456.0100344456795,1.0,6.123233995736766e-17,1258.0,1110.0,2277.0,2003.0,910.0,0.22702702702702693,-0.40184453227931494,-0.32001997004493266,0.4967032967032967,-915.0,-641.0,452.0,1110.0,1362.0,1110.0,2277.0,809.0,2277.0,126.63859338027076,428.51448828092686,2014-04,943.0
2014-04,943.0,2014,4,-419.0,1187.6666666666667,1461.8333333333333,1371.0,448.5380291974828,0.8660254037844387,-0.49999999999999983,1362.0,1258.0,1110.0,1504.0,863.0,-0.25039745627980925,-0.15045045045045047,-0.3730053191489362,0.09269988412514474,-167.0,-561.0,80.0,943.0,1362.0,943.0,2277.0,809.0,2277.0,218.17500620679147,497.5915661128759,2014-05,934.0
2014-05,934.0,2014,5,-9.0,1079.6666666666667,1314.0,1381.4166666666667,435.56368041535325,0.49999999999999994,-0.8660254037844387,943.0,1362.0,1258.0,1821.0,809.0,-0.3142437591776799,-0.2575516693163752,-0.48709500274574413,0.15451174289245984,-324.0,-887.0,125.0,934.0,1362.0,934.0,2277.0,934.0,2277.0,244.54924521112997,501.2915319452322,2014-06,850.0
2014-06,850.0,2014,6,-84.0,909.0,1076.1666666666667,1354.6666666666667,458.89339885767555,1.2246467991473532e-16,-1.0,934.0,943.0,1362.0,2277.0,1171.0,-0.0986214209968187,-0.3759177679882526,-0.6267018006148442,-0.27412467976088817,-512.0,-1427.0,-321.0,850.0,943.0,850.0,1362.0,850.0,2277.0,51.29327441292721,202.48695431228182,2014-07,755.0
2014-07,755.0,2014,7,-95.0,846.3333333333334,1017.0,1329.0833333333333,484.53416397670475,-0.4999999999999998,-0.8660254037844388,850.0,934.0,943.0,1110.0,1062.0,-0.19164882226980728,-0.19936373276776242,-0.3198198198198198,-0.2890772128060264,-188.0,-355.0,-307.0,755.0,934.0,755.0,1362.0,755.0,2277.0,89.55631375471597,239.16688734019462,2014-08,1147.0
2014-08,1147.0,2014,8,392.0,917.3333333333334,998.5,1330.3333333333333,483.99855997782083,-0.8660254037844384,-0.5000000000000004,755.0,850.0,934.0,1258.0,1132.0,0.3494117647058823,0.22805139186295498,-0.08823529411764708,0.013250883392226243,213.0,-111.0,15.0,755.0,1147.0,755.0,1362.0,755.0,2277.0,204.49042357365587,220.3494951208133,2014-09,1063.0
2014-09,1063.0,2014,9,-84.0,988.3333333333334,948.6666666666666,1252.0,439.23011156919665,-1.0,-1.8369701987210297e-16,1147.0,755.0,850.0,1362.0,2003.0,0.40794701986754967,0.25058823529411756,-0.21953010279001473,-0.4692960559161258,213.0,-299.0,-940.0,755.0,1147.0,755.0,1147.0,755.0,2277.0,206.39121428329565,141.34874129847745,2014-10,1428.0
2014-10,1428.0,2014,10,365.0,1212.6666666666667,1029.5,1245.6666666666667,435.80069116998936,-0.8660254037844386,0.5000000000000001,1063.0,1147.0,755.0,943.0,1504.0,0.24498692240627729,0.8913907284768212,0.5143160127253446,-0.05053191489361697,673.0,485.0,-76.0,1063.0,1428.0,755.0,1428.0,755.0,2277.0,191.15525975848396,241.00684637577697,2014-11,1153.0
2014-11,1153.0,2014,11,-275.0,1214.6666666666667,1066.0,1190.0,396.52329978542906,-0.5000000000000004,0.8660254037844384,1428.0,1063.0,1147.0,934.0,1821.0,0.08466603951081852,0.005231037489102031,0.23447537473233404,-0.36683141131246566,6.0,219.0,-668.0,1063.0,1428.0,755.0,1428.0,755.0,2277.0,190.15344680897448,240.23322001754343,2014-12,782.0
2014-12,782.0,2014,12,-371.0,1121.0,1054.6666666666667,1065.4166666666667,219.12655468859737,-2.4492935982947064e-16,1.0,1153.0,1428.0,1063.0,850.0,2277.0,-0.45238095238095233,-0.264346190028222,-0.07999999999999996,-0.6565656565656566,-281.0,-68.0,-1495.0,782.0,1428.0,755.0,1428.0,755.0,1428.0,324.18667461818984,253.68852293051035,2015-01,608.0
2015-01,608.0,2015,1,-174.0,847.6666666666666,1030.1666666666667,1023.5833333333334,254.84806822651362,0.49999999999999994,0.8660254037844387,782.0,1153.0,1428.0,755.0,1110.0,-0.47267996530789247,-0.5742296918767507,-0.19470198675496686,-0.4522522522522523,-820.0,-147.0,-502.0,608.0,1153.0,608.0,1428.0,608.0,1428.0,278.37085575421366,292.5401966681913,2015-02,540.0
2015-02,540.0,2015,2,-68.0,643.3333333333334,929.0,963.75,278.03927943563787,0.8660254037844386,0.5000000000000001,608.0,782.0,1153.0,1147.0,1258.0,-0.309462915601023,-0.5316565481352993,-0.5292066259808195,-0.5707472178060413,-613.0,-607.0,-718.0,540.0,782.0,540.0,1428.0,540.0,1428.0,124.80918769599076,344.41370472151254,2015-03,602.0
2015-03,602.0,2015,3,62.0,583.3333333333334,852.1666666666666,900.4166666666666,265.3455580022264,1.0,6.123233995736766e-17,540.0,608.0,782.0,1063.0,1362.0,-0.009868421052631526,-0.2301790281329923,-0.43367826904985884,-0.5580029368575624,-180.0,-461.0,-760.0,540.0,608.0,540.0,1428.0,540.0,1428.0,37.64748774265018,359.62670460724104,2015-04,591.0
2015-04,591.0,2015,4,-11.0,577.6666666666666,712.6666666666666,871.0833333333334,279.29959747825075,0.8660254037844387,-0.49999999999999983,602.0,540.0,608.0,1428.0,943.0,0.09444444444444455,-0.02796052631578949,-0.5861344537815126,-0.3732767762460233,-17.0,-837.0,-352.0,540.0,602.0,540.0,1153.0,540.0,1428.0,33.08070938376307,230.8763016566742,2015-05,589.0
2015-05,589.0,2015,5,-2.0,594.0,618.6666666666666,842.3333333333334,289.7937615657417,0.49999999999999994,-0.8660254037844387,591.0,602.0,540.0,1153.0,934.0,-0.021594684385382035,0.09074074074074079,-0.4891587163920208,-0.3693790149892934,49.0,-564.0,-345.0,589.0,602.0,540.0,782.0,540.0,1428.0,6.9999999999764615,83.55038400069456,2015-06,800.0
2015-06,800.0,2015,6,211.0,660.0,621.6666666666666,838.1666666666666,290.03286125206284,1.2246467991473532e-16,-1.0,589.0,591.0,602.0,782.0,850.0,0.3536379018612521,0.3289036544850499,0.023017902813299296,-0.05882352941176472,198.0,18.0,-50.0,589.0,800.0,540.0,800.0,540.0,1428.0,121.24768039018204,90.61272905427538,2015-07,1131.0
2015-07,1131.0,2015,7,331.0,840.0,708.8333333333334,869.5,300.35781691478576,-0.4999999999999998,-0.8660254037844388,800.0,589.0,591.0,608.0,755.0,0.9202037351443124,0.9137055837563453,0.8601973684210527,0.4980132450331125,540.0,523.0,376.0,589.0,1131.0,540.0,1131.0,540.0,1428.0,273.20505119781353,225.69839757221058,2015-08,903.0
2015-08,903.0,2015,8,-228.0,944.6666666666666,769.3333333333334,849.1666666666666,287.8632356245586,-0.8660254037844384,-0.5000000000000004,1131.0,800.0,589.0,540.0,1147.0,0.12874999999999992,0.5331069609507639,0.6722222222222223,-0.21272885789014817,314.0,363.0,-244.0,800.0,1131.0,589.0,1131.0,540.0,1428.0,169.38811449843033,219.96969488241717,2015-09,900.0
2015-09,900.0,2015,9,-3.0,978.0,819.0,835.5833333333334,280.6101981990873,-1.0,-1.8369701987210297e-16,903.0,1131.0,800.0,602.0,1063.0,-0.20424403183023876,0.125,0.4950166112956811,-0.15333960489181564,100.0,298.0,-163.0,900.0,1131.0,589.0,1131.0,540.0,1428.0,132.5103769521468,207.9451850849091,2015-10,721.0
2015-10,721.0,2015,10,-179.0,841.3333333333334,840.6666666666666,776.6666666666666,210.3418573886202,-0.8660254037844386,0.5000000000000001,900.0,903.0,1131.0,591.0,1428.0,-0.20155038759689925,-0.3625110521662246,0.21996615905245354,-0.4950980392156863,-410.0,130.0,-707.0,721.0,903.0,589.0,1131.0,540.0,1153.0,104.2225183601569,184.93746690885487,2015-11,584.0
2015-11,584.0,2015,11,-137.0,735.0,839.8333333333334,729.25,179.6952597138667,-0.5000000000000004,0.8660254037844384,721.0,900.0,903.0,589.0,1153.0,-0.35111111111111115,-0.353266888150609,-0.008488964346349714,-0.49349522983521243,-319.0,-5.0,-569.0,584.0,900.0,584.0,1131.0,540.0,1131.0,158.46450706703948,186.30449985618648,2015-12,478.0
2015-12,478.0,2015,12,-106.0,594.3333333333334,786.1666666666666,703.9166666666666,192.55150826033784,-2.4492935982947064e-16,1.0,584.0,721.0,900.0,800.0,782.0,-0.3370319001386962,-0.4688888888888889,-0.40249999999999997,-0.38874680306905374,-422.0,-322.0,-304.0,478.0,721.0,478.0,1131.0,478.0,1131.0,121.82911529405854,238.99909344318382,2016-01,317.0
2016-01,317.0,2016,1,-161.0,459.6666666666667,650.5,679.6666666666666,221.82807975929146,0.49999999999999994,0.8660254037844387,478.0,584.0,721.0,1131.0,608.0,-0.4571917808219178,-0.5603328710124826,-0.7197170645446507,-0.4786184210526315,-404.0,-814.0,-291.0,317.0,584.0,317.0,903.0,317.0,1131.0,134.44081721461262,235.1074222562888,2016-02,329.0
2016-02,329.0,2016,2,12.0,374.6666666666667,554.8333333333334,662.0833333333334,241.40402133176883,0.8660254037844386,0.5000000000000001,317.0,478.0,584.0,903.0,540.0,-0.3117154811715481,-0.4366438356164384,-0.6356589147286822,-0.3907407407407407,-255.0,-574.0,-211.0,317.0,478.0,317.0,900.0,317.0,1131.0,89.69020756656106,228.50419398046813,2016-03,429.0
2016-03,429.0,2016,3,100.0,358.3333333333333,476.3333333333333,647.6666666666666,250.31955334706947,1.0,6.123233995736766e-17,329.0,317.0,478.0,900.0,602.0,0.35331230283911674,-0.10251046025104604,-0.5233333333333333,-0.2873754152823921,-49.0,-471.0,-173.0,317.0,429.0,317.0,721.0,317.0,1131.0,61.49254697386334,155.42929796747882,2016-04,703.0
2016-04,703.0,2016,4,274.0,487.0,473.3333333333333,657.0,250.10252443202228,0.8660254037844387,-0.49999999999999983,429.0,329.0,317.0,721.0,591.0,1.13677811550152,1.2176656151419558,-0.02496532593619971,0.18950930626057527,386.0,-18.0,112.0,329.0,703.0,317.0,703.0,317.0,1131.0,193.62851029742384,149.835465316671,2016-05,612.0
2016-05,612.0,2016,5,-91.0,581.3333333333334,478.0,658.9166666666666,249.62169862461877,0.49999999999999994,-0.8660254037844387,703.0,429.0,329.0,584.0,589.0,0.4265734265734267,0.8601823708206686,0.047945205479452024,0.039049235993208864,283.0,28.0,23.0,429.0,703.0,317.0,703.0,317.0,1131.0,139.55046876787262,154.3398846701547,2016-06,660.0
2016-06,660.0,2016,6,48.0,658.3333333333334,508.3333333333333,647.25,245.6687070759343,1.2246467991473532e-16,-1.0,612.0,703.0,429.0,478.0,800.0,-0.061166429587482196,0.5384615384615385,0.38075313807531375,-0.17500000000000004,231.0,182.0,-140.0,612.0,703.0,317.0,703.0,317.0,1131.0,45.52288801617332,171.29351028764447,2016-07,656.0
2016-07,656.0,2016,7,-4.0,642.6666666666666,564.8333333333334,607.6666666666666,193.3307732327821,-0.4999999999999998,-0.8660254037844388,660.0,612.0,703.0,317.0,1131.0,0.07189542483660127,-0.06685633001422475,1.0694006309148265,-0.4199823165340407,-47.0,339.0,-475.0,612.0,660.0,329.0,703.0,317.0,903.0,26.633312473912103,150.1671291150744,2016-08,711.0
2016-08,711.0,2016,8,55.0,675.6666666666666,628.5,591.6666666666666,173.60578820122103,-0.8660254037844384,-0.5000000000000004,656.0,660.0,612.0,329.0,903.0,0.07727272727272738,0.16176470588235303,1.1610942249240122,-0.21262458471760792,99.0,382.0,-192.0,656.0,711.0,429.0,711.0,317.0,900.0,30.664855018947506,104.09370778292435,2016-09,875.0
2016-09,875.0,2016,9,164.0,747.3333333333334,702.8333333333334,589.5833333333334,169.67480036465463,-1.0,-1.8369701987210297e-16,711.0,656.0,660.0,429.0,900.0,0.33384146341463405,0.3257575757575757,1.0396270396270397,-0.02777777777777779,215.0,446.0,-25.0,656.0,875.0,612.0,875.0,317.0,875.0,113.93126582871417,91.63714676190881,2016-10,857.0
2016-10,857.0,2016,10,-18.0,814.3333333333334,728.5,600.9166666666666,183.249684773793,-0.8660254037844386,0.5000000000000001,875.0,711.0,656.0,703.0,721.0,0.20534458509142062,0.30640243902439024,0.2190611664295874,0.18862690707350893,201.0,154.0,136.0,711.0,875.0,612.0,875.0,317.0,875.0,89.94072121866266,111.17688608697843,2016-11,1204.0
2016-11,1204.0,2016,11,347.0,978.6666666666666,827.1666666666666,652.5833333333334,252.4020812237058,-0.5000000000000004,0.8660254037844384,857.0,875.0,711.0,612.0,584.0,0.3759999999999999,0.6933895921237694,0.9673202614379084,1.0616438356164384,493.0,592.0,620.0,857.0,1204.0,656.0,1204.0,317.0,1204.0,195.35181937553932,207.8070419082658,2016-12,961.0
2016-12,961.0,2016,12,-243.0,1007.3333333333334,877.3333333333334,692.8333333333334,260.4149951461461,-2.4492935982947064e-16,1.0,1204.0,857.0,875.0,660.0,478.0,0.1213535589264878,0.09828571428571431,0.45606060606060606,1.010460251046025,86.0,301.0,483.0,857.0,1204.0,656.0,1204.0,317.0,1204.0,178.07957023008947,195.33833895747088,2017-01,800.0
2017-01,800.0,2017,1,-161.0,988.3333333333334,901.3333333333334,733.0833333333334,232.91998561086885,0.49999999999999994,0.8660254037844387,961.0,1204.0,857.0,656.0,317.0,-0.33554817275747506,-0.06651108518086346,0.2195121951219512,1.5236593059936907,-57.0,144.0,483.0,800.0,1204.0,711.0,1204.0,329.0,1204.0,203.38223455683968,169.89486945362358,2017-02,859.0
2017-02,859.0,2017,2,59.0,873.3333333333334,926.0,777.25,196.7768117344148,0.8660254037844386,0.5000000000000001,800.0,961.0,1204.0,711.0,329.0,-0.10613943808532778,-0.2865448504983389,0.2081575246132208,1.6109422492401215,-345.0,148.0,530.0,800.0,961.0,800.0,1204.0,429.0,1204.0,81.45141701243291,145.76419313396946,2017-03,1297.0
2017-03,1297.0,2017,3,438.0,985.3333333333334,996.3333333333334,849.5833333333334,215.74583460987816,1.0,6.123233995736766e-17,859.0,800.0,961.0,875.0,429.0,0.6212500000000001,0.34963579604578565,0.4822857142857142,2.023310023310023,336.0,422.0,868.0,800.0,1297.0,800.0,1297.0,612.0,1297.0,271.51856903963926,205.7159854427066,2017-04,1109.0
2017-04,1109.0,2017,4,-188.0,1088.3333333333333,1038.3333333333333,883.4166666666666,222.40072691727227,0.8660254037844387,-0.49999999999999983,1297.0,859.0,800.0,857.0,703.0,0.291036088474971,0.38625,0.29404900816802804,0.5775248933143671,309.0,252.0,406.0,859.0,1297.0,800.0,1297.0,612.0,1297.0,219.73013751721322,197.1250026421405,2017-05,878.0
2017-05,878.0,2017,5,-231.0,1094.6666666666667,984.0,905.5833333333334,205.50357587391878,0.49999999999999994,-0.8660254037844387,1109.0,1297.0,859.0,1204.0,612.0,-0.32305319969159596,0.022118742724097862,-0.27076411960132896,0.434640522875817,19.0,-326.0,266.0,878.0,1297.0,800.0,1297.0,656.0,1297.0,209.86741846540502,186.9973261840853,2017-06,901.0
2017-06,901.0,2017,6,23.0,962.6666666666666,974.0,925.6666666666666,190.5538975691279,1.2246467991473532e-16,-1.0,878.0,1109.0,1297.0,961.0,660.0,-0.1875563570784491,-0.305319969159599,-0.06243496357960454,0.3651515151515152,-396.0,-60.0,241.0,878.0,1109.0,800.0,1297.0,656.0,1297.0,127.24909953839862,190.05262429126617,2017-07,946.0
2017-07,946.0,2017,7,45.0,908.3333333333334,998.3333333333334,949.8333333333334,170.58819810681854,-0.4999999999999998,-0.8660254037844388,901.0,878.0,1109.0,800.0,656.0,0.07744874715261951,-0.14697926059513078,0.1825000000000001,0.4420731707317074,-163.0,146.0,290.0,878.0,946.0,859.0,1297.0,711.0,1297.0,34.58805188693371,171.78785366452385,2017-08,1184.0
2017-08,1184.0,2017,8,238.0,1010.3333333333334,1052.5,989.25,164.93862494879082,-0.8660254037844384,-0.5000000000000004,946.0,901.0,878.0,859.0,711.0,0.314095449500555,0.34851936218678814,0.3783469150174621,0.6652601969057665,306.0,325.0,473.0,901.0,1184.0,878.0,1297.0,800.0,1297.0,152.0734471672598,170.2994421599708,2017-09,1356.0
2017-09,1356.0,2017,9,172.0,1162.0,1062.3333333333333,1029.3333333333333,191.03180760059158,-1.0,-1.8369701987210297e-16,1184.0,946.0,901.0,1297.0,875.0,0.4334038054968288,0.5049944506104329,0.045489591364687776,0.5497142857142858,455.0,59.0,481.0,946.0,1356.0,878.0,1356.0,800.0,1356.0,205.88346218188633,188.02198453017115,2017-10,1522.0
2017-10,1522.0,2017,10,166.0,1354.0,1131.1666666666667,1084.75,229.14748129057884,-0.8660254037844386,0.5000000000000001,1356.0,1184.0,946.0,1109.0,857.0,0.285472972972973,0.6088794926004228,0.37240757439134353,0.7759626604434073,576.0,413.0,665.0,1184.0,1522.0,878.0,1522.0,800.0,1522.0,169.00887550658538,267.37570320929314,2017-11,1578.0
2017-11,1578.0,2017,11,56.0,1485.3333333333333,1247.8333333333333,1115.9166666666667,268.83805815983266,-0.5000000000000004,0.8660254037844384,1522.0,1356.0,1184.0,878.0,1204.0,0.16371681415929196,0.3327702702702702,0.7972665148063782,0.3106312292358804,394.0,700.0,374.0,1356.0,1578.0,901.0,1578.0,800.0,1578.0,115.45273203061934,286.8270675279169,2017-12,1366.0
2017-12,1366.0,2017,12,-212.0,1488.6666666666667,1325.3333333333333,1149.6666666666667,273.01126627879233,-2.4492935982947064e-16,1.0,1578.0,1522.0,1356.0,901.0,961.0,-0.10249671484888301,0.007374631268436627,0.516093229744728,0.42143600416233085,10.0,465.0,405.0,1366.0,1578.0,946.0,1578.0,800.0,1578.0,109.86051762728044,231.94022218378657,2018-01,1152.0
2018-01,1152.0,2018,1,-214.0,1365.3333333333333,1359.6666666666667,1179.0,249.9636337186199,0.49999999999999994,0.8660254037844387,1366.0,1578.0,1522.0,946.0,800.0,-0.26996197718631176,-0.24310118265440206,0.2177589852008457,0.43999999999999995,-370.0,206.0,352.0,1152.0,1578.0,1152.0,1578.0,859.0,1578.0,213.0007824711773,172.08098868458515,2018-02,1192.0
2018-02,1192.0,2018,2,40.0,1236.6666666666667,1361.0,1206.75,228.79690279212906,0.8660254037844386,0.5000000000000001,1152.0,1366.0,1578.0,1184.0,859.0,-0.12737920937042457,-0.2446134347275032,0.006756756756756799,0.3876600698486612,-386.0,8.0,333.0,1152.0,1366.0,1152.0,1578.0,878.0,1578.0,113.77756076368294,170.4711119222188,2018-03,1055.0
2018-03,1055.0,2018,3,-137.0,1133.0,1310.8333333333333,1186.5833333333333,230.77555342930987,1.0,6.123233995736766e-17,1192.0,1152.0,1366.0,1356.0,1297.0,-0.08420138888888884,-0.2276720351390923,-0.221976401179941,-0.18658442559753274,-311.0,-301.0,-242.0,1055.0,1192.0,1055.0,1578.0,878.0,1578.0,70.44856279584445,211.57165846744272,2018-04,1341.0
2018-04,1341.0,2018,4,286.0,1196.0,1280.6666666666667,1205.9166666666667,233.38826734292272,0.8660254037844387,-0.49999999999999983,1055.0,1192.0,1152.0,1522.0,1109.0,0.125,0.1640625,-0.1189224704336399,0.20919747520288556,189.0,-181.0,232.0,1055.0,1341.0,1055.0,1578.0,878.0,1578.0,143.04195188824906,186.90710705231132,2018-05,1090.0
2018-05,1090.0,2018,5,-251.0,1162.0,1199.3333333333333,1223.5833333333333,213.48470600248618,0.49999999999999994,-0.8660254037844387,1341.0,1055.0,1192.0,1578.0,878.0,0.033175355450236976,-0.08557046979865768,-0.30925221799746516,0.24145785876993164,-102.0,-488.0,212.0,1055.0,1341.0,1055.0,1366.0,901.0,1578.0,156.00320509528032,128.78457464566162,2018-06,1385.0
2018-06,1385.0,2018,6,295.0,1272.0,1202.5,1263.9166666666667,191.59780712985216,1.2246467991473532e-16,-1.0,1090.0,1341.0,1055.0,1366.0,901.0,0.03281133482475762,0.3127962085308056,0.013909224011713128,0.537180910099889,330.0,19.0,484.0,1090.0,1385.0,1055.0,1385.0,946.0,1578.0,159.1445883465734,133.8368409668927,2018-07,1747.0
2018-07,1747.0,2018,7,362.0,1407.3333333333333,1301.6666666666667,1330.6666666666667,209.46656636380155,-0.4999999999999998,-0.8660254037844388,1385.0,1090.0,1341.0,1152.0,946.0,0.6027522935779817,0.30275913497390006,0.5164930555555556,0.8467230443974629,406.0,595.0,801.0,1090.0,1747.0,1055.0,1747.0,1055.0,1747.0,329.06888843118224,254.74981190702417,2018-08,1579.0
2018-08,1579.0,2018,8,-168.0,1570.3333333333333,1366.1666666666667,1363.5833333333333,215.27887129080025,-0.8660254037844384,-0.5000000000000004,1747.0,1385.0,1090.0,1192.0,1184.0,0.14007220216606497,0.44862385321100917,0.32466442953020125,0.3336148648648649,489.0,387.0,395.0,1385.0,1747.0,1055.0,1747.0,1055.0,1747.0,181.15555010358955,269.96771411904854,2018-09,1540.0
2018-09,1540.0,2018,9,-39.0,1622.0,1447.0,1378.9166666666667,221.1619967080179,-1.0,-1.8369701987210297e-16,1579.0,1747.0,1385.0,1055.0,1356.0,-0.11848883800801369,0.11191335740072206,0.4597156398104265,0.13569321533923295,155.0,485.0,184.0,1540.0,1747.0,1090.0,1747.0,1055.0,1747.0,109.99545445154035,227.42119514240053,2018-10,1490.0
2018-10,1490.0,2018,10,-50.0,1536.3333333333333,1471.8333333333333,1376.25,219.46634656075588,-0.8660254037844386,0.5000000000000001,1540.0,1579.0,1747.0,1341.0,1522.0,-0.05636478784040533,-0.1471093302804808,0.11111111111111116,-0.021024967148488782,-257.0,149.0,-32.0,1490.0,1579.0,1090.0,1747.0,1055.0,1747.0,44.613152021954924,221.59189215010676,2018-11,1231.0
2018-11,1231.0,2018,11,-259.0,1420.3333333333333,1495.3333333333333,1347.3333333333333,213.2392311395072,-0.5000000000000004,0.8660254037844384,1490.0,1540.0,1579.0,1090.0,1578.0,-0.20064935064935063,-0.22039265357821403,0.1293577981651377,-0.21989860583016474,-348.0,141.0,-347.0,1231.0,1540.0,1231.0,1747.0,1055.0,1747.0,165.86239276380243,175.73009607538657,2018-12,1271.0
2018-12,1271.0,2018,12,40.0,1330.6666666666667,1476.3333333333333,1339.4166666666667,214.24432031649582,-2.4492935982947064e-16,1.0,1231.0,1490.0,1540.0,1385.0,1366.0,-0.1469798657718121,-0.17467532467532465,-0.08231046931407937,-0.0695461200585652,-269.0,-114.0,-95.0,1231.0,1490.0,1231.0,1747.0,1055.0,1747.0,139.42859582357454,195.1365333981942,2019-01,668.0
2019-01,668.0,2019,1,-603.0,1056.6666666666667,1296.5,1299.0833333333333,286.20731784473503,0.49999999999999994,0.8660254037844387,1271.0,1231.0,1490.0,1747.0,1152.0,-0.4573517465475223,-0.5516778523489934,-0.6176302232398397,-0.42013888888888884,-822.0,-1079.0,-484.0,668.0,1271.0,668.0,1579.0,668.0,1747.0,337.1888689345086,339.55662267138524,2019-02,658.0
2019-02,658.0,2019,2,-10.0,865.6666666666666,1143.0,1254.5833333333333,340.69700170341287,0.8660254037844386,0.5000000000000001,668.0,1271.0,1231.0,1579.0,1192.0,-0.4822974036191975,-0.4654752233956133,-0.5832805573147561,-0.44798657718120805,-573.0,-921.0,-534.0,658.0,1271.0,658.0,1540.0,658.0,1747.0,351.06457145848947,390.63947573177643,2019-03,689.0
2019-03,689.0,2019,3,31.0,671.6666666666666,1001.1666666666666,1224.0833333333333,374.85838740257486,1.0,6.123233995736766e-17,658.0,668.0,1271.0,1540.0,1055.0,0.0314371257485031,-0.45790715971675844,-0.5525974025974025,-0.3469194312796209,-582.0,-851.0,-366.0,658.0,689.0,658.0,1490.0,658.0,1747.0,15.821925715048403,371.69956506117074,2019-04,1011.0
2019-04,1011.0,2019,4,322.0,786.0,921.3333333333334,1196.5833333333333,377.59609453231747,0.8660254037844387,-0.49999999999999983,689.0,658.0,668.0,1490.0,1341.0,0.5364741641337385,0.5134730538922156,-0.3214765100671141,-0.24608501118568238,343.0,-479.0,-330.0,658.0,1011.0,658.0,1271.0,658.0,1747.0,195.4712255039073,287.6460788306758,2019-05,1096.0
2019-05,1096.0,2019,5,85.0,932.0,898.8333333333334,1197.0833333333333,377.4460728088002,0.49999999999999994,-0.8660254037844387,1011.0,689.0,658.0,1231.0,1090.0,0.590711175616836,0.6656534954407294,-0.10966693744922829,0.005504587155963359,438.0,-135.0,6.0,689.0,1096.0,658.0,1271.0,658.0,1747.0,214.69280379183564,262.78463932784064,2019-06,1354.0
2019-06,1354.0,2019,6,258.0,1153.6666666666667,912.6666666666666,1194.5,376.146852366802,1.2246467991473532e-16,-1.0,1096.0,1011.0,689.0,1271.0,1385.0,0.33926805143422345,0.9651669085631349,0.06530291109362696,-0.02238267148014439,665.0,83.0,-31.0,1011.0,1354.0,658.0,1354.0,658.0,1747.0,178.62344004450637,287.33232791780205,2019-07,1868.0
2019-07,1868.0,2019,7,514.0,1439.3333333333333,1112.6666666666667,1204.5833333333333,393.5245073420283,-0.4999999999999998,-0.8660254037844388,1354.0,1096.0,1011.0,668.0,1747.0,0.7043795620437956,0.847675568743818,1.7964071856287425,0.06926159129937037,857.0,1200.0,121.0,1096.0,1868.0,658.0,1868.0,658.0,1868.0,393.0106020622521,452.90160815199556,2019-08,2378.0
2019-08,2378.0,2019,8,510.0,1866.6666666666667,1399.3333333333333,1271.1666666666667,512.3027928043628,-0.8660254037844384,-0.5000000000000004,1868.0,1354.0,1096.0,658.0,1579.0,0.7562776957163959,1.1697080291970803,2.613981762917933,0.5060164661177962,1282.0,1720.0,799.0,1354.0,2378.0,689.0,2378.0,658.0,2378.0,512.0013020816789,620.7864904028311,2019-09,1823.0
2019-09,1823.0,2019,9,-555.0,2023.0,1588.3333333333333,1294.75,531.9407220905166,-1.0,-1.8369701987210297e-16,2378.0,1868.0,1354.0,689.0,1540.0,-0.024089935760171266,0.346381093057607,1.6458635703918723,0.1837662337662338,469.0,1134.0,283.0,1823.0,2378.0,1011.0,2378.0,658.0,2378.0,308.26125283596963,526.7776254423346,2019-10,1731.0
2019-10,1731.0,2019,10,-92.0,1977.3333333333333,1708.3333333333333,1314.8333333333333,544.3863656921558,-0.8660254037844386,0.5000000000000001,1823.0,2378.0,1868.0,1011.0,1490.0,-0.2720773759461732,-0.07334047109207709,0.7121661721068249,0.1617449664429531,-137.0,720.0,241.0,1731.0,2378.0,1096.0,2378.0,658.0,2378.0,350.02333255560956,444.54771022542093,2019-11,1528.0
2019-11,1528.0,2019,11,-203.0,1694.0,1780.3333333333333,1339.5833333333333,546.9737335115037,-0.5000000000000004,0.8660254037844384,1731.0,1823.0,2378.0,1096.0,1231.0,-0.1618211738891936,-0.35744322960470987,0.3941605839416058,0.2412672623883021,-850.0,432.0,297.0,1528.0,1823.0,1354.0,2378.0,658.0,2378.0,150.94038558318653,350.593021417519,2019-12,1090.0
2019-12,1090.0,2019,12,-438.0,1449.6666666666667,1736.3333333333333,1324.5,551.5137021292961,-2.4492935982947064e-16,1.0,1528.0,1731.0,1823.0,1354.0,1271.0,-0.37030618139803584,-0.4020844761382337,-0.1949778434268833,-0.1424075531077892,-733.0,-264.0,-181.0,1090.0,1731.0,1090.0,2378.0,658.0,2378.0,327.6008750497072,423.73608138399646,2020-01,487.0
2020-01,487.0,2020,1,-603.0,1035.0,1506.1666666666667,1309.4166666666667,573.1511712903616,0.49999999999999994,0.8660254037844387,1090.0,1528.0,1731.0,1868.0,668.0,-0.6812827225130891,-0.7186597342576546,-0.7392933618843682,-0.27095808383233533,-1244.0,-1381.0,-181.0,487.0,1528.0,487.0,2378.0,487.0,2378.0,522.6748511263955,651.6745864821371,2020-02,535.0
2020-02,535.0,2020,2,48.0,704.0,1199.0,1299.1666666666667,586.7972908987045,0.8660254037844386,0.5000000000000001,487.0,1090.0,1528.0,2378.0,658.0,-0.5091743119266054,-0.6498691099476439,-0.7750210260723297,-0.18693009118541037,-993.0,-1843.0,-123.0,487.0,1090.0,487.0,1823.0,487.0,2378.0,335.14623673853043,589.97660970584,2020-03,626.0
2020-03,626.0,2020,3,91.0,549.3333333333334,999.5,1293.9166666666667,593.0016799506059,1.0,6.123233995736766e-17,535.0,487.0,1090.0,1823.0,689.0,0.2854209445585216,-0.42568807339449544,-0.6566099835436094,-0.09143686502177073,-464.0,-1197.0,-63.0,487.0,626.0,487.0,1731.0,487.0,2378.0,70.59981114232599,536.7519911467461,2020-04,635.0
2020-04,635.0,2020,4,9.0,598.6666666666666,816.8333333333334,1262.5833333333333,618.686946588326,0.8660254037844387,-0.49999999999999983,626.0,535.0,487.0,1731.0,1011.0,0.1869158878504673,0.3039014373716633,-0.6331600231080301,-0.3719090009891197,148.0,-1096.0,-376.0,535.0,635.0,487.0,1528.0,487.0,2378.0,55.320279584725434,409.4090456580838,2020-05,504.0
2020-05,504.0,2020,5,-131.0,588.3333333333334,646.1666666666666,1213.25,655.6746872150425,0.49999999999999994,-0.8660254037844387,635.0,626.0,535.0,1528.0,1096.0,-0.194888178913738,-0.05794392523364489,-0.6701570680628273,-0.5401459854014599,-31.0,-1024.0,-592.0,504.0,635.0,487.0,1090.0,487.0,2378.0,73.1733102526609,226.01895200770792,2020-06,1799.0
2020-06,1799.0,2020,6,1295.0,979.3333333333334,764.3333333333334,1250.3333333333333,676.6087003086286,1.2246467991473532e-16,-1.0,504.0,635.0,626.0,1090.0,1354.0,1.8330708661417323,1.8738019169329072,0.6504587155963302,0.32865583456425407,1173.0,709.0,445.0,504.0,1799.0,487.0,1799.0,487.0,2378.0,712.8676829070967,510.623018152005,2020-07,1350.0
2020-07,1350.0,2020,7,-449.0,1217.6666666666667,908.1666666666666,1207.1666666666667,649.6050315150701,-0.4999999999999998,-0.8660254037844388,1799.0,504.0,635.0,487.0,1868.0,1.6785714285714284,1.1259842519685042,1.7720739219712525,-0.2773019271948608,715.0,863.0,-518.0,504.0,1799.0,504.0,1799.0,487.0,2378.0,657.5639385894981,537.7067664319122,2020-08,1488.0
2020-08,1488.0,2020,8,138.0,1545.6666666666667,1067.0,1133.0,546.3816514954609,-0.8660254037844384,-0.5000000000000004,1350.0,1799.0,504.0,535.0,2378.0,-0.17287381878821573,1.9523809523809526,1.7813084112149533,-0.37426408746846085,984.0,953.0,-890.0,1350.0,1799.0,504.0,1799.0,487.0,1823.0,229.98768082950411,546.1186684228957,2020-09,1725.0
2020-09,1725.0,2020,9,237.0,1521.0,1250.1666666666667,1124.8333333333333,535.7599247514647,-1.0,-1.8369701987210297e-16,1488.0,1350.0,1799.0,626.0,1823.0,0.2777777777777777,-0.041133963312951605,1.7555910543130993,-0.05375754251234233,-74.0,1099.0,-98.0,1350.0,1725.0,504.0,1799.0,487.0,1799.0,189.6654950168862,552.8853105904187,2020-10,1283.0
2020-10,1283.0,2020,10,-442.0,1498.6666666666667,1358.1666666666667,1087.5,504.36990393955716,-0.8660254037844386,0.5000000000000001,1725.0,1488.0,1350.0,635.0,1731.0,-0.13776881720430112,-0.04962962962962958,1.0204724409448818,-0.2588099364529174,-67.0,648.0,-448.0,1283.0,1725.0,504.0,1799.0,487.0,1799.0,221.19297758593916,464.98921134437524,2020-11,1227.0
2020-11,1227.0,2020,11,-56.0,1411.6666666666667,1478.6666666666667,1062.4166666666667,487.6799357129302,-0.5000000000000004,0.8660254037844384,1283.0,1725.0,1488.0,504.0,1528.0,-0.288695652173913,-0.17540322580645162,1.4345238095238093,-0.19698952879581155,-261.0,723.0,-301.0,1227.0,1725.0,1227.0,1799.0,487.0,1799.0,272.79540563091166,237.3003722429956,2020-12,1366.0
2020-12,1366.0,2020,12,139.0,1292.0,1406.5,1085.4166666666667,495.5440459890014,-2.4492935982947064e-16,1.0,1227.0,1283.0,1725.0,1799.0,1090.0,0.06469212782540912,-0.20811594202898553,-0.24068927181767652,0.25321100917431183,-359.0,-433.0,276.0,1227.0,1366.0,1227.0,1725.0,487.0,1799.0,69.93568473962407,179.1030429668839,2021-01,1452.0
2021-01,1452.0,2021,1,86.0,1348.3333333333333,1423.5,1165.8333333333333,467.0878510580839,0.49999999999999994,0.8660254037844387,1366.0,1227.0,1283.0,1350.0,487.0,0.18337408312958425,0.13172252533125484,0.0755555555555556,1.9815195071868583,169.0,102.0,965.0,1227.0,1452.0,1227.0,1725.0,504.0,1799.0,113.53560381366506,177.50126760110052,2021-02,1675.0
2021-02,1675.0,2021,2,223.0,1497.6666666666667,1454.6666666666667,1260.8333333333333,442.398593071354,0.8660254037844386,0.5000000000000001,1452.0,1366.0,1227.0,1488.0,535.0,0.22620790629575405,0.36511817440912786,0.12567204301075274,2.130841121495327,448.0,187.0,1140.0,1366.0,1675.0,1227.0,1725.0,504.0,1799.0,159.48145137706072,205.32770555057647,2021-03,2046.0
2021-03,2046.0,2021,3,371.0,1724.3333333333333,1508.1666666666667,1379.1666666666667,447.0429780708145,1.0,6.123233995736766e-17,1675.0,1452.0,1366.0,1725.0,626.0,0.40909090909090917,0.4978038067349926,0.18608695652173912,2.268370607028754,680.0,321.0,1420.0,1452.0,2046.0,1227.0,2046.0,504.0,2046.0,300.05721676595977,306.665561592208,2021-04,3053.0
2021-04,3053.0,2021,4,1007.0,2258.0,1803.1666666666667,1580.6666666666667,599.9264096284609,0.8660254037844387,-0.49999999999999983,2046.0,1675.0,1452.0,1283.0,635.0,0.8226865671641792,1.1026170798898072,1.3795791114575215,3.8078740157480313,1601.0,1770.0,2418.0,1675.0,3053.0,1227.0,3053.0,504.0,3053.0,713.0420744949079,675.8518821951042,2021-05,2596.0
2021-05,2596.0,2021,5,-457.0,2565.0,2031.3333333333333,1755.0,561.3307240995996,0.49999999999999994,-0.8660254037844387,3053.0,2046.0,1675.0,1227.0,504.0,0.26881720430107525,0.5498507462686568,1.1157294213528934,4.150793650793651,921.0,1369.0,2092.0,2046.0,3053.0,1366.0,3053.0,1227.0,3053.0,504.21523182069996,673.5184234055259,2021-06,3383.0
2021-06,3383.0,2021,6,787.0,3010.6666666666665,2367.5,1887.0,732.7019733958556,1.2246467991473532e-16,-1.0,2596.0,3053.0,2046.0,1366.0,1799.0,0.10809040288241079,0.6534701857282503,1.4765739385065886,0.8804891606448026,1337.0,2017.0,1584.0,2596.0,3383.0,1452.0,3383.0,1227.0,3383.0,395.20416664470565,771.2874302100348,2021-07,3292.0
2021-07,3292.0,2021,7,-91.0,3090.3333333333335,2674.1666666666665,2048.8333333333335,813.3404557561959,-0.4999999999999998,-0.8660254037844388,3383.0,2596.0,3053.0,1452.0,1350.0,0.26810477657935294,0.07828365542089744,1.2672176308539944,1.4385185185185185,239.0,1840.0,1942.0,2596.0,3383.0,1675.0,3383.0,1227.0,3383.0,430.51635663855615,696.6656060597987,2021-08,4132.0
2021-08,4132.0,2021,8,840.0,3602.3333333333335,3083.6666666666665,2269.1666666666665,987.155586275614,-0.8660254037844384,-0.5000000000000004,3292.0,3383.0,2596.0,1675.0,1488.0,0.2214011232633757,0.5916795069337442,1.466865671641791,1.7768817204301075,1536.0,2457.0,2644.0,3292.0,4132.0,2046.0,4132.0,1227.0,4132.0,460.955890876055,713.7951153283884,2021-09,5167.0
2021-09,5167.0,2021,9,1035.0,4197.0,3603.8333333333335,2556.0,1273.2663079297633,-1.0,-1.8369701987210297e-16,4132.0,3292.0,3383.0,2046.0,1725.0,0.5695625759416767,0.5273425953295892,1.5254154447702835,1.9953623188405798,1784.0,3121.0,3442.0,3292.0,5167.0,2596.0,5167.0,1227.0,5167.0,939.1884794864156,915.1614975875394,2021-10,3519.0
2021-10,3519.0,2021,10,-1648.0,4272.666666666667,3681.5,2742.3333333333335,1233.0109734329458,-0.8660254037844386,0.5000000000000001,5167.0,4132.0,3292.0,3053.0,1283.0,-0.14835430784123915,0.06895504252733908,0.1526367507369799,1.7427903351519873,227.0,466.0,2236.0,3519.0,5167.0,2596.0,5167.0,1227.0,5167.0,832.9563814110188,878.0876379952068,2021-11,3018.0
2021-11,3018.0,2021,11,-501.0,3901.3333333333335,3751.8333333333335,2891.5833333333335,1137.6182023167635,-0.5000000000000004,0.8660254037844384,3519.0,5167.0,4132.0,2596.0,1227.0,-0.4159086510547707,-0.26960309777347535,0.16255778120184905,1.4596577017114916,-1114.0,422.0,1791.0,3018.0,5167.0,3018.0,5167.0,1366.0,5167.0,1124.3595213868816,785.8028802865691,2021-12,2217.0
2021-12,2217.0,2021,12,-801.0,2918.0,3557.5,2962.5,1057.5802140220428,-2.4492935982947064e-16,1.0,3018.0,3519.0,5167.0,3383.0,1366.0,-0.36999147485080985,-0.5709309076833753,-0.3446644989654153,0.6229868228404098,-2950.0,-1166.0,851.0,2217.0,3519.0,2217.0,5167.0,1452.0,5167.0,656.7351064165829,1008.0191962457865,2022-01,1418.0
2022-01,1418.0,2022,1,-799.0,2217.6666666666665,3245.1666666666665,2959.6666666666665,1062.0310159255612,0.49999999999999994,0.8660254037844387,2217.0,3018.0,3519.0,3292.0,1452.0,-0.5301524188204109,-0.5970446149474282,-0.5692588092345079,-0.023415977961432466,-2101.0,-1874.0,-34.0,1418.0,3018.0,1418.0,5167.0,1418.0,5167.0,800.000208333305,1341.8025811074697,2022-02,2040.0
2022-02,2040.0,2022,2,622.0,1891.6666666666667,2896.5,2990.0833333333335,1026.5265756940057,0.8660254037844386,0.5000000000000001,1418.0,2217.0,3018.0,4132.0,1675.0,-0.07983761840324766,-0.3240556660039762,-0.5062923523717329,0.21791044776119395,-978.0,-2092.0,365.0,1418.0,2217.0,1418.0,5167.0,1418.0,5167.0,419.64548530078366,1337.0649572851726,2022-03,2358.0
2022-03,2358.0,2022,3,318.0,1938.6666666666667,2428.3333333333335,3016.0833333333335,1004.1481653017091,1.0,6.123233995736766e-17,2040.0,1418.0,2217.0,5167.0,2046.0,0.6629055007052187,0.06359945872801087,-0.543642345655119,0.15249266862170097,141.0,-2809.0,312.0,1418.0,2358.0,1418.0,3519.0,1418.0,5167.0,478.1227178594742,742.757744265697,2022-04,2404.0
2022-04,2404.0,2022,4,46.0,2267.3333333333335,2242.5,2962.0,1019.3416770374178,0.8660254037844387,-0.49999999999999983,2358.0,2040.0,1418.0,3519.0,3053.0,0.17843137254901964,0.6953455571227081,-0.31685137823245235,-0.21257779233540774,986.0,-1115.0,-649.0,2040.0,2404.0,1418.0,3018.0,1418.0,5167.0,198.21537108239497,521.973083597229,2022-05,2566.0
2022-05,2566.0,2022,5,162.0,2442.6666666666665,2167.1666666666665,2959.5,1020.357201269153,0.49999999999999994,-0.8660254037844387,2404.0,2358.0,2040.0,3018.0,2596.0,0.08821034775233239,0.25784313725490193,-0.1497680583167661,-0.011556240369799742,526.0,-452.0,-30.0,2358.0,2566.0,1418.0,2566.0,1418.0,5167.0,109.25810419978997,407.7942700267703,2022-06,2240.0
2022-06,2240.0,2022,6,-326.0,2403.3333333333335,2171.0,2864.25,1030.5282956725734,1.2246467991473532e-16,-1.0,2566.0,2404.0,2358.0,2217.0,3383.0,-0.06821963394342767,-0.05004240882103472,0.010374379792512434,-0.33786579958616614,-118.0,23.0,-1143.0,2240.0,2566.0,1418.0,2566.0,1418.0,5167.0,163.00102249167645,408.46395189783857,2022-07,1895.0
2022-07,1895.0,2022,7,-345.0,2233.6666666666665,2250.5,2747.8333333333335,1056.39677750131,-0.4999999999999998,-0.8660254037844388,2240.0,2566.0,2404.0,1418.0,3292.0,-0.26149649259547936,-0.21173044925124795,0.3363892806770099,-0.4243620899149453,-509.0,477.0,-1397.0,1895.0,2566.0,1895.0,2566.0,1418.0,5167.0,335.54483058651255,247.16775679687632,2022-08,965.0
2022-08,965.0,2022,8,-930.0,1700.0,2071.3333333333335,2483.9166666666665,1074.602206174523,-0.8660254037844384,-0.5000000000000004,1895.0,2240.0,2566.0,2040.0,4132.0,-0.5691964285714286,-0.6239282930631334,-0.5269607843137255,-0.7664569215876089,-1601.0,-1075.0,-3167.0,965.0,2240.0,965.0,2566.0,965.0,5167.0,659.4884381094154,586.6950371928045,2022-09,1760.0
2022-09,1760.0,2022,9,795.0,1540.0,1971.6666666666667,2200.0,678.2520314616232,-1.0,-1.8369701987210297e-16,965.0,1895.0,2240.0,2358.0,5167.0,-0.0712401055408971,-0.2142857142857143,-0.2536047497879559,-0.659376814399071,-480.0,-598.0,-3407.0,965.0,1895.0,965.0,2566.0,965.0,3519.0,502.51865637008507,579.0000575705208,2022-10,1463.0
2022-10,1463.0,2022,10,-297.0,1396.0,1814.8333333333333,2028.6666666666667,564.9964333488931,-0.8660254037844386,0.5000000000000001,1760.0,965.0,1895.0,2404.0,3519.0,0.5160621761658031,-0.22796833773087066,-0.39143094841930115,-0.584256891162262,-432.0,-941.0,-2056.0,965.0,1760.0,965.0,2566.0,965.0,3018.0,401.71258382081476,565.7658231695037,2022-11,1355.0
2022-11,1355.0,2022,11,-108.0,1526.0,1613.0,1890.0833333333333,500.5463303110705,-0.5000000000000004,0.8660254037844384,1463.0,1760.0,965.0,2566.0,3018.0,-0.23011363636363635,0.40414507772020736,-0.47194076383476224,-0.5510271703114645,390.0,-1211.0,-1663.0,1355.0,1760.0,965.0,2240.0,965.0,2566.0,209.7212435591483,447.93526317984765,2022-12,1515.0
2022-12,1515.0,2022,12,160.0,1444.3333333333333,1492.1666666666667,1831.5833333333333,499.88716150989984,-2.4492935982947064e-16,1.0,1355.0,1463.0,1760.0,2240.0,2217.0,0.035543403964456655,-0.13920454545454541,-0.3236607142857143,-0.31664411366711775,-245.0,-725.0,-702.0,1355.0,1515.0,965.0,1895.0,965.0,2566.0,81.61699169492005,326.22103958308077,2023-01,681.0
2023-01,681.0,2023,1,-834.0,1183.6666666666667,1289.8333333333333,1770.1666666666667,592.0907229829097,0.49999999999999994,0.8660254037844387,1515.0,1355.0,1463.0,1895.0,1418.0,-0.49741697416974173,-0.534518113465482,-0.6406332453825858,-0.5197461212976022,-782.0,-1214.0,-737.0,681.0,1515.0,681.0,1760.0,681.0,2566.0,442.61194440878756,395.5211330215693,2023-02,990.0
2023-02,990.0,2023,2,309.0,1062.0,1294.0,1682.6666666666667,625.2461818186404,0.8660254037844386,0.5000000000000001,681.0,1515.0,1355.0,965.0,2040.0,-0.3465346534653465,-0.2693726937269373,0.02590673575129543,-0.5147058823529411,-365.0,25.0,-1050.0,681.0,1515.0,681.0,1760.0,681.0,2566.0,421.63609902378363,391.5262443310783,2023-03,1389.0
2023-03,1389.0,2023,3,399.0,1020.0,1232.1666666666667,1601.9166666666667,591.7753656019602,1.0,6.123233995736766e-17,990.0,681.0,1515.0,1760.0,2358.0,1.039647577092511,-0.08316831683168313,-0.21079545454545456,-0.41094147582697205,-126.0,-371.0,-969.0,681.0,1389.0,681.0,1515.0,681.0,2566.0,354.95210944575854,327.22861529314014,2023-04,1576.0
2023-04,1576.0,2023,4,187.0,1318.3333333333333,1251.0,1532.9166666666667,535.3317507241034,0.8660254037844387,-0.49999999999999983,1389.0,990.0,681.0,1463.0,2404.0,0.591919191919192,1.31424375917768,0.07723855092276155,-0.34442595673876875,895.0,113.0,-828.0,990.0,1576.0,681.0,1576.0,681.0,2566.0,299.32312528992503,345.89073419217124,2023-05,977.0
2023-05,977.0,2023,5,-599.0,1314.0,1188.0,1400.5,445.55919920926345,0.49999999999999994,-0.8660254037844387,1576.0,1389.0,990.0,1355.0,2566.0,-0.2966162706983442,-0.013131313131313105,-0.2789667896678967,-0.6192517537022604,-13.0,-378.0,-1589.0,977.0,1576.0,681.0,1576.0,681.0,2240.0,306.462069431104,357.39278112463217,2023-06,1091.0
2023-06,1091.0,2023,6,114.0,1214.6666666666667,1117.3333333333333,1304.75,364.9117265611209,1.2246467991473532e-16,-1.0,977.0,1576.0,1389.0,1515.0,2240.0,-0.30774111675126903,-0.21454283657307416,-0.27986798679867986,-0.5129464285714286,-298.0,-424.0,-1149.0,977.0,1576.0,681.0,1576.0,681.0,1895.0,318.0728428101459,319.7390602767604,2023-07,1127.0
2023-07,1127.0,2023,7,36.0,1065.0,1191.6666666666667,1240.75,316.05728048164707,-0.4999999999999998,-0.8660254037844388,1091.0,977.0,1576.0,681.0,1895.0,0.15353121801432956,-0.2848984771573604,0.6549192364170338,-0.40527704485488125,-449.0,446.0,-768.0,977.0,1127.0,977.0,1576.0,681.0,1760.0,78.30708780176852,239.88302704998932,2023-08,1086.0
2023-08,1086.0,2023,8,-41.0,1101.3333333333333,1207.6666666666667,1250.8333333333333,308.29496894822637,-0.8660254037844384,-0.5000000000000004,1127.0,1091.0,977.0,990.0,965.0,-0.004582951420714965,0.11156601842374614,0.09696969696969693,0.12538860103626948,109.0,96.0,121.0,1086.0,1127.0,977.0,1576.0,681.0,1760.0,22.368132092942925,226.57419682449702,2023-09,1701.0
2023-09,1701.0,2023,9,615.0,1304.6666666666667,1259.6666666666667,1245.9166666666667,299.789762192026,-1.0,-1.8369701987210297e-16,1086.0,1127.0,1091.0,1389.0,1760.0,0.5093167701863355,0.5591200733272228,0.22462203023758098,-0.033522727272727315,610.0,312.0,-59.0,1086.0,1701.0,977.0,1701.0,681.0,1701.0,343.8463804278418,300.31694368893994,2023-10,1459.0
2023-10,1459.0,2023,10,-242.0,1415.3333333333333,1240.1666666666667,1245.5833333333333,299.5285563357959,-0.8660254037844386,0.5000000000000001,1701.0,1086.0,1127.0,1576.0,1463.0,0.34346224677716397,0.2945874001774622,-0.074238578680203,-0.002734107997265922,332.0,-117.0,-4.0,1086.0,1701.0,977.0,1701.0,681.0,1701.0,309.8166124231051,278.6886554323048,2023-11,2937.0
2023-11,2937.0,2023,11,1478.0,2032.3333333333333,1566.8333333333333,1377.4166666666667,574.2385406041218,-0.5000000000000004,0.8660254037844384,1459.0,1701.0,1086.0,977.0,1355.0,0.7266313932980599,1.7044198895027622,2.006141248720573,1.167527675276753,1851.0,1960.0,1582.0,1459.0,2937.0,1086.0,2937.0,681.0,2937.0,792.7530090345484,715.2701354500033,2023-12,2094.0
2023-12,2094.0,2023,12,-843.0,2163.3333333333335,1734.0,1425.6666666666667,610.0577220578593,-2.4492935982947064e-16,1.0,2937.0,1459.0,1701.0,1091.0,1515.0,0.43522960932145316,0.23104056437389775,0.9193400549954172,0.3821782178217821,393.0,1003.0,579.0,1459.0,2937.0,1086.0,2937.0,681.0,2937.0,741.435319723394,698.8384648829797,2024-01,1398.0
2024-01,1398.0,2024,1,-696.0,2143.0,1779.1666666666667,1485.4166666666667,563.8561161297888,0.49999999999999994,0.8660254037844387,2094.0,2937.0,1459.0,1127.0,681.0,-0.5240040858018387,-0.04180945853324192,0.2404614019520852,1.052863436123348,-61.0,271.0,717.0,1398.0,2937.0,1086.0,2937.0,977.0,2937.0,770.6691897305859,659.4062227994715,2024-02,2111.0
2024-02,2111.0,2024,2,713.0,1867.6666666666667,1950.0,1578.8333333333333,567.1674168954693,0.8660254037844386,0.5000000000000001,1398.0,2094.0,2937.0,1086.0,990.0,0.008118433619866305,-0.2812393598910453,0.9438305709023942,1.1323232323232322,-826.0,1025.0,1121.0,1398.0,2111.0,1398.0,2937.0,977.0,2937.0,406.832070187848,570.7209475742063,2024-03,1821.0
2024-03,1821.0,2024,3,-290.0,1776.6666666666667,1970.0,1614.8333333333333,567.7326248625611,1.0,6.123233995736766e-17,2111.0,1398.0,2094.0,1701.0,1389.0,0.30257510729613735,-0.13037249283667618,0.07054673721340388,0.3110151187904968,-273.0,120.0,432.0,1398.0,2111.0,1398.0,2937.0,977.0,2937.0,358.56147775985323,562.2903164736166,2024-04,1685.0
2024-04,1685.0,2024,4,-136.0,1872.3333333333333,2007.6666666666667,1623.9166666666667,567.9267651784523,0.8660254037844387,-0.49999999999999983,1821.0,2111.0,1398.0,1459.0,1576.0,-0.20180009474182847,0.20529327610872672,0.15490061686086354,0.0691624365482233,287.0,226.0,109.0,1685.0,2111.0,1398.0,2937.0,977.0,2937.0,217.5898281936224,527.7202541751327,2024-05,1815.0
2024-05,1815.0,2024,5,130.0,1773.6666666666667,1820.6666666666667,1693.75,531.5021807874532,0.49999999999999994,-0.8660254037844387,1685.0,1821.0,2111.0,2937.0,977.0,-0.0032948929159802853,-0.14021790620558972,-0.3820224719101124,0.8577277379733879,-296.0,-1122.0,838.0,1685.0,1821.0,1398.0,2111.0,1086.0,2937.0,76.84616667947562,266.86675826461857,2024-06,2050.0
2024-06,2050.0,2024,6,235.0,1850.0,1813.3333333333333,1773.6666666666667,504.0208028414801,1.2246467991473532e-16,-1.0,1815.0,1685.0,1821.0,2094.0,1091.0,0.21661721068249262,0.12575507962657873,-0.021012416427889202,0.8790100824931255,229.0,-44.0,959.0,1685.0,2050.0,1398.0,2111.0,1086.0,2937.0,184.99999999999102,258.3212470290943,2024-07,1708.0
2024-07,1708.0,2024,7,-342.0,1857.6666666666667,1865.0,1822.0833333333333,462.4451728354274,-0.4999999999999998,-0.8660254037844388,2050.0,1815.0,1685.0,1398.0,1127.0,-0.05895316804407713,0.013649851632047572,0.2217453505007152,0.515527950310559,23.0,310.0,581.0,1708.0,2050.0,1685.0,2111.0,1086.0,2937.0,174.94665853719533,176.76311832506173,2024-08,1814.0
2024-08,1814.0,2024,8,106.0,1857.3333333333333,1815.5,1882.75,400.7370765794638,-0.8660254037844384,-0.5000000000000004,1708.0,2050.0,1815.0,2111.0,1086.0,-0.11512195121951219,-0.000550964187327807,-0.1406916153481762,0.6703499079189688,-1.0,-297.0,728.0,1708.0,2050.0,1685.0,2050.0,1398.0,2937.0,175.06951000482644,129.31318571591885,2024-09,2084.0
2024-09,2084.0,2024,9,270.0,1868.6666666666667,1859.3333333333333,1914.6666666666667,400.19729982582254,-1.0,-1.8369701987210297e-16,1814.0,1708.0,2050.0,1821.0,1701.0,0.22014051522248246,0.01658536585365855,0.1444261394838,0.22516166960611406,34.0,263.0,383.0,1708.0,2084.0,1685.0,2084.0,1398.0,2937.0,193.86937182889432,169.79006645462638,2024-10,1388.0
2024-10,1388.0,2024,10,-696.0,1762.0,1809.8333333333333,1908.75,407.9953486811523,-0.8660254037844386,0.5000000000000001,2084.0,1814.0,1708.0,1685.0,1459.0,-0.2348401323042999,-0.18735362997658078,-0.1762611275964392,-0.04866346812885536,-320.0,-297.0,-71.0,1388.0,2084.0,1388.0,2084.0,1388.0,2937.0,350.9016956356814,253.4580175624089,2024-11,1354.0
2024-11,1354.0,2024,11,-34.0,1608.6666666666667,1733.0,1776.8333333333333,281.6651246147505,-0.5000000000000004,0.8660254037844384,1388.0,2084.0,1814.0,1815.0,2937.0,-0.3502879078694817,-0.2535832414553473,-0.2539944903581267,-0.5389853592100783,-460.0,-461.0,-1583.0,1354.0,2084.0,1354.0,2084.0,1354.0,2111.0,412.0016181197947,314.17892991096585,2024-12,997.0
2024-12,997.0,2024,12,-357.0,1246.3333333333333,1557.5,1685.4166666666667,341.11433922402455,-2.4492935982947064e-16,1.0,1354.0,1388.0,2084.0,2050.0,2094.0,-0.28170028818443804,-0.5215930902111324,-0.5136585365853659,-0.5238777459407832,-1087.0,-1053.0,-1097.0,997.0,1388.0,997.0,2084.0,997.0,2111.0,216.597168340973,387.28477894180054,2025-01,735.0
2025-01,735.0,2025,1,-262.0,1028.6666666666667,1395.3333333333333,1630.1666666666667,433.1703073290177,0.49999999999999994,0.8660254037844387,997.0,1354.0,1388.0,1708.0,1398.0,-0.4571639586410635,-0.47046109510086453,-0.569672131147541,-0.47424892703862664,-653.0,-973.0,-663.0,735.0,1354.0,735.0,2084.0,735.0,2111.0,310.7126217798804,499.20243054963754,2025-02,1229.0
2025-02,1229.0,2025,2,494.0,987.0,1297.8333333333333,1556.6666666666667,418.7545024633572,0.8660254037844386,0.5000000000000001,735.0,997.0,1354.0,1814.0,2111.0,0.2326980942828485,-0.09231905465288037,-0.32249173098125694,-0.41781146376125056,-125.0,-585.0,-882.0,735.0,1229.0,735.0,2084.0,735.0,2084.0,247.15177523132115,456.368893184741,2025-03,1598.0
2025-03,1598.0,2025,3,369.0,1187.3333333333333,1216.8333333333333,1538.0833333333333,410.8307455816227,1.0,6.123233995736766e-17,1229.0,735.0,997.0,2084.0,1821.0,1.1741496598639456,0.6028084252758275,-0.23320537428023036,-0.12246018671059855,601.0,-486.0,-223.0,735.0,1598.0,735.0,1598.0,735.0,2084.0,433.0061585397228,307.90869858882746,2025-04,1386.0
2025-04,1386.0,2025,4,-212.0,1404.3333333333333,1216.5,1513.1666666666667,410.17686503027096,0.8660254037844387,-0.49999999999999983,1598.0,1229.0,735.0,1388.0,1685.0,0.127746135069162,0.8857142857142857,-0.0014409221902017544,-0.1774480712166172,651.0,-2.0,-299.0,1229.0,1598.0,735.0,1598.0,735.0,2084.0,185.18189256330743,307.6873413060712,2025-05,1418.0
2025-05,1418.0,2025,5,32.0,1467.3333333333333,1227.1666666666667,1480.0833333333333,399.49000632245566,0.49999999999999994,-0.8660254037844387,1386.0,1598.0,1229.0,1354.0,1815.0,-0.11264080100125151,0.15378356387306757,0.04726735598227472,-0.21873278236914595,189.0,64.0,-397.0,1386.0,1598.0,735.0,1598.0,735.0,2084.0,114.28619047517756,314.4426285774011,2025-06,1489.0
2025-06,1489.0,2025,6,71.0,1431.0,1309.1666666666667,1433.3333333333333,357.33389868792983,1.2246467991473532e-16,-1.0,1418.0,1386.0,1598.0,997.0,2050.0,0.07431457431457433,-0.0682102628285357,0.49348044132397195,-0.2736585365853659,-109.0,492.0,-561.0,1386.0,1489.0,735.0,1598.0,735.0,2084.0,52.71622141234231,306.46593067854315,2025-07,2003.0
2025-07,2003.0,2025,7,514.0,1636.6666666666667,1520.5,1457.9166666666667,386.8742944380903,-0.4999999999999998,-0.8660254037844388,1489.0,1418.0,1386.0,735.0,1708.0,0.4125528913963328,0.4451659451659451,1.7251700680272108,0.17271662763466034,617.0,1268.0,295.0,1418.0,2003.0,1229.0,2003.0,735.0,2084.0,319.23397897675176,265.84713652774127,2025-08,2025.0
2025-08,2025.0,2025,8,22.0,1839.0,1653.1666666666667,1475.5,408.70827560187115,-0.8660254037844384,-0.5000000000000004,2003.0,1489.0,1418.0,1229.0,1814.0,0.35997313633310957,0.42806770098730595,0.6476810414971521,0.11631753031973546,607.0,796.0,211.0,1489.0,2025.0,1386.0,2025.0,735.0,2084.0,303.3084238856491,288.90096342287706,2025-09,2134.0
2025-09,2134.0,2025,9,109.0,2054.0,1742.5,1479.6666666666667,415.67127163253247,-1.0,-1.8369701987210297e-16,2025.0,2003.0,1489.0,1598.0,2084.0,0.0654018971542687,0.4331766286098053,0.33541927409261585,0.02399232245681393,645.0,536.0,50.0,2003.0,2134.0,1386.0,2134.0,735.0,2134.0,70.14983962916367,345.7147668237504,2025-10,1966.0
2025-10,1966.0,2025,10,-168.0,2041.6666666666667,1839.1666666666667,1527.8333333333333,437.02357609241926,-0.8660254037844386,0.5000000000000001,2134.0,2025.0,2003.0,1386.0,1388.0,-0.02913580246913583,-0.018472291562656062,0.41847041847041844,0.4164265129682998,-37.0,580.0,578.0,1966.0,2134.0,1418.0,2134.0,735.0,2134.0,85.23105850176138,304.75788204190394,2025-11,2560.0
2025-11,2560.0,2025,11,594.0,2220.0,2029.5,1628.3333333333333,523.5223939524435,-0.5000000000000004,0.8660254037844384,1966.0,2134.0,2025.0,1418.0,1354.0,0.19962511715089026,0.2641975308641975,0.8053596614950636,0.8906942392909896,535.0,1142.0,1206.0,1966.0,2560.0,1489.0,2560.0,735.0,2560.0,306.1960156501028,343.29156703886696,2025-12,1877.0
2025-12,1877.0,2025,12,-683.0,2134.3333333333335,2094.1666666666665,1701.6666666666667,487.4378903713758,-2.4492935982947064e-16,1.0,2560.0,1966.0,2134.0,1489.0,997.0,-0.045269582909460815,-0.1204311152764761,0.2605775688381464,0.8826479438314945,-257.0,388.0,880.0,1877.0,2560.0,1877.0,2560.0,735.0,2560.0,371.3143322487445,243.0106307688364,2026-01,2148.0
2026-01,2148.0,2026,1,271.0,2195.0,2118.3333333333335,1819.4166666666667,394.5009409674998,0.49999999999999994,0.8660254037844387,1877.0,2560.0,1966.0,2003.0,735.0,-0.16093749999999996,0.09257375381485256,0.07239141288067907,1.9224489795918367,182.0,145.0,1413.0,1877.0,2560.0,1877.0,2560.0,1229.0,2560.0,343.917141183742,239.3129053491846,2026-02,2140.0
2026-02,2140.0,2026,2,-8.0,2055.0,2137.5,1895.3333333333333,356.3658317804982,0.8660254037844386,0.5000000000000001,2148.0,1877.0,2560.0,2025.0,1229.0,0.14011720831113483,-0.1640625,0.05679012345679002,0.7412530512611879,-420.0,115.0,911.0,1877.0,2148.0,1877.0,2560.0,1386.0,2560.0,154.2044097942642,234.9074285756012,2026-03,1995.0
2026-03,1995.0,2026,3,-145.0,2094.3333333333335,2114.3333333333335,1928.4166666666667,344.48313280606214,1.0,6.123233995736766e-17,2140.0,2148.0,1877.0,2134.0,1598.0,-0.07122905027932958,0.06286627597229622,-0.06513589503280226,0.24843554443053817,118.0,-139.0,397.0,1995.0,2148.0,1877.0,2560.0,1386.0,2560.0,86.11813591416653,242.06665748646134,2026-04,2686.0
2026-04,2686.0,2026,4,691.0,2273.6666666666665,2234.3333333333335,2036.75,362.3456724781414,0.8660254037844387,-0.49999999999999983,1995.0,2140.0,2148.0,1966.0,1386.0,0.2551401869158878,0.25046554934823084,0.36622583926754837,0.9379509379509379,538.0,720.0,1300.0,1995.0,2686.0,1877.0,2686.0,1418.0,2686.0,364.3766366458358,319.8066082285793,2026-05,3224.0
2026-05,3224.0,2026,5,538.0,2635.0,2345.0,2187.25,447.1268123962557,0.49999999999999994,-0.8660254037844387,2686.0,1995.0,2140.0,2560.0,1418.0,0.6160401002506266,0.5065420560747664,0.2593749999999999,1.2736248236953456,1084.0,664.0,1806.0,1995.0,3224.0,1877.0,3224.0,1489.0,3224.0,616.0852213776918,512.1093633199862,2026-06,2501.0
2026-06,2501.0,2026,6,-723.0,2803.6666666666665,2449.0,2271.5833333333335,395.96681640886226,1.2246467991473532e-16,-1.0,3224.0,2686.0,1995.0,1877.0,1489.0,-0.06887565152643338,0.25363408521303255,0.33244539158231223,0.679650772330423,506.0,624.0,1012.0,2501.0,3224.0,1995.0,3224.0,1877.0,3224.0,375.5879834783503,458.62751770909017,2026-07,2732.0
2026-07,2732.0,2026,7,231.0,2819.0,2546.3333333333335,2332.3333333333335,406.78860566265814,-0.4999999999999998,-0.8660254037844388,2501.0,3224.0,2686.0,2148.0,2003.0,-0.152605459057072,0.017125837676842837,0.27188081936685293,0.36395406889665494,46.0,584.0,729.0,2501.0,3224.0,1995.0,3224.0,1877.0,3224.0,369.26819521859744,443.6983960605094,2026-08,3186.0
